date,close,high,low,open,volume,daily_return,log_return,sma_20,sma_50,sma_200,volatility_20,volatility_annual,cumulative_return,rolling_max,drawdown,max_drawdown
2023-01-03,123.09602355957031,128.8340031338152,122.21022673136561,128.22379338136977,112117500,,,,,,,,,,,
2023-01-04,124.36566162109375,126.62936374107429,123.10586505340991,124.88729543343348,89113600,0.010314208573187766,0.010261380069560042,,,,,,1.0103142085731878,1.0103142085731878,0.0,0.0
2023-01-05,123.04679870605469,125.7533952948206,122.79090770776376,125.12349705306252,80962700,-0.010604719163214482,-0.010661349922174544,,,,,,0.9996001101246638,1.0103142085731878,-0.010604719163214526,-0.010604719163214526
2023-01-06,127.57423400878906,128.23365775829015,122.91889066257082,124.02121667603627,87754700,0.03679441765526881,0.036133662395426154,,,,,,1.0363798140648433,1.0363798140648433,0.0,-0.010604719163214526
2023-01-09,128.0958251953125,131.30438194257326,127.83993420444634,128.41078181603234,70790800,0.004088530811695801,0.004080195481375986,,,,,,1.040617084867267,1.040617084867267,0.0,-0.010604719163214526
2023-01-10,128.6667022705078,129.18833615231142,126.09789493911427,128.20411901412172,63896200,0.00445664075565988,0.004446739339384675,,,,,,1.0452547413787223,1.0452547413787223,0.0,-0.010604719163214526
2023-01-11,131.38316345214844,131.40283698381694,128.40098644639082,129.17851145026387,69458900,0.021112386761335866,0.02089260830720344,,,,,,1.06732256374283,1.06732256374283,0.0,-0.010604719163214526
2023-01-12,131.30441284179688,132.14098840377943,129.36550386584642,131.76699610111268,71379600,-0.0005993965153704428,-0.0005995762252770112,,,,,,1.0666828143173464,1.06732256374283,-0.0005993965153704681,-0.010604719163214526
2023-01-13,132.63307189941406,132.7905502170586,129.58200833933589,129.94616380817476,57809700,0.010118921587334961,0.010068068067746412,,,,,,1.0774764940739814,1.0774764940739814,0.0,-0.010604719163214526
2023-01-17,133.79446411132812,135.12314807764807,132.01303370787318,132.7019826183309,63646600,0.008756430016148897,0.008718314823241572,,,,,,1.0869113415883858,1.0869113415883858,0.0,-0.010604719163214526
2023-01-18,133.0760040283203,136.42233624485746,132.898837136548,134.6605941996835,69672800,-0.005369878998954691,-0.005384348622518163,,,,,,1.0810747592014647,1.0869113415883858,-0.005369878998954639,-0.010604719163214526
2023-01-19,133.13502502441406,134.09955338686564,131.65869966602656,131.96380450388668,58280400,0.0004435134382392292,0.00044341511522492434,,,,,,1.0815542303849117,1.0869113415883858,-0.004928747174213206,-0.010604719163214526
2023-01-20,135.69400024414062,135.84164181281548,132.10161400912494,133.14488168206822,80223600,0.01922090163168777,0.019038513505862532,,,,,,1.1023426778564758,1.1023426778564758,0.0,-0.010604719163214526
2023-01-23,138.88287353515625,141.0579999020067,135.72353008280908,135.94005904305521,81760300,0.023500473751810746,0.023228588993365547,,,,,,1.1282482530229427,1.1282482530229427,0.0,-0.010604719163214526
2023-01-24,140.28045654296875,140.90051809732327,138.0856567013407,138.0954934654877,66435100,0.010063033491733764,0.010012738303538844,,,,,,1.1396018529801026,1.1396018529801026,0.0,-0.010604719163214526
2023-01-25,139.6210479736328,140.1820439497328,136.61918260935104,138.6663561197799,65799300,-0.004700644591457803,-0.004711727365672821,,,,,,1.1342449896934765,1.1396018529801026,-0.004700644591457708,-0.010604719163214526
2023-01-26,141.68789672851562,141.9733130723702,139.66039693887691,140.91035682918778,54105100,0.01480327489930544,0.014694775875450514,,,,,,1.151035530079069,1.151035530079069,0.0,-0.010604719163214526
2023-01-27,143.6267852783203,144.9062704324847,140.82177572822627,140.90051489349364,70555800,0.013684221408972741,0.013591437939285713,,,,,,1.1667865551222651,1.1667865551222651,0.0,-0.010604719163214526
2023-01-30,140.7430419921875,143.2527985417942,140.59541543784155,142.6721140707524,64015300,-0.020078032663229828,-0.02028233565433236,,,,,,1.143359776557503,1.1667865551222651,-0.020078032663229755,-0.020078032663229755
2023-01-31,142.01268005371094,142.06189391275458,140.0344090710312,140.4477784546675,65874500,0.00902096504062988,0.00898051919389677,133.63600845336913,,,,,1.1536739851306905,1.1667865551222651,-0.011238190853339564,-0.020078032663229755
2023-02-01,143.13467407226562,144.29605796571016,139.08955653554688,141.69772563249788,77663600,0.007900660829232464,0.007869614028080861,134.6379409790039,,,0.01275791153199514,0.2025255669733332,1.1627887719947172,1.1667865551222651,-0.0034263191583734265,-0.020078032663229755
2023-02-02,148.43960571289062,148.7939093931277,145.831421817907,146.5498959772077,118339000,0.037062519441981356,0.036392216188033816,135.84163818359374,,,0.014354432093941258,0.2278695451927963,1.2058846534636891,1.2058846534636891,0.0,-0.020078032663229755
2023-02-03,152.06155395507812,154.89610423261004,145.49682718195612,145.6936676139042,154357300,0.024400147284094897,0.024107219119184228,137.29237594604493,,,0.013969209699952962,0.22175432926912048,1.2353084166158328,1.2353084166158328,0.0,-0.020078032663229755
2023-02-06,149.3352508544922,150.6836384438328,148.40024764766747,150.1620046015634,69858300,-0.017928944099777744,-0.018091614894878504,138.38042678833008,,,0.013955416325754531,0.22153536624190345,1.2131606410683426,1.2353084166158328,-0.01792894409977768,-0.020078032663229755
2023-02-07,152.2091522216797,152.77999988075524,148.2624474794368,148.2624474794368,83322600,0.0192446281152181,0.019061792274313767,139.58609313964843,,,0.01414221575424523,0.22450071523891577,1.2365074664497224,1.2365074664497224,0.0,-0.020078032663229755
2023-02-08,149.52223205566406,152.14025265616812,148.78406936876726,151.45130381865607,64120100,-0.01765281605472946,-0.017810485305195377,140.62886962890624,,,0.015311716621076268,0.24306596594917212,1.214679627594186,1.2365074664497224,-0.01765281605472938,-0.020078032663229755
2023-02-09,148.4888153076172,151.89421276586904,148.04592065726195,151.35289040745275,56007100,-0.00691145881009958,-0.006935453564626014,141.4841522216797,,,0.015297169858887195,0.2428350432583712,1.2062844193806017,1.2365074664497224,-0.024442268153784422,-0.024442268153784422
2023-02-10,148.85353088378906,149.17882019931434,147.08909918660703,147.32567733632254,57450700,0.002456182140158525,0.0024531706549684664,142.3616081237793,,,0.015240326120717606,0.2419326768896432,1.2092472736274358,1.2365074664497224,-0.02204612067613024,-0.024442268153784422
2023-02-13,151.65298461914062,152.0571182724141,148.7648180243575,148.79438841262413,62199000,0.01880676742251497,0.018632106643815285,143.31260375976564,,,0.015473878172411347,0.24564020077146645,1.2319893058588574,1.2365074664497224,-0.0036539695177398956,-0.024442268153784422
2023-02-14,151.0122833251953,151.57415087909246,148.70570240485208,149.94770404483108,61707600,-0.004224785259283603,-0.004233734880239427,144.173494720459,,,0.01566021955373415,0.24859827849510877,1.2267844155998697,1.2365074664497224,-0.00786331754046715,-0.024442268153784422
2023-02-15,153.1118621826172,153.279432747917,150.696851620169,150.923562968411,65573800,0.013903364754114467,0.013807599596114287,145.17528762817383,,,0.015503842623240439,0.24611587168186486,1.2438408468046178,1.2438408468046178,0.0,-0.024442268153784422
2023-02-16,151.5149688720703,154.09754945424802,151.16010920849044,151.31781291605773,68167900,-0.01042958584516629,-0.010484355122367126,146.09428482055665,,,0.015936027438350698,0.2529765929290659,1.2308681019151446,1.2438408468046178,-0.010429585845166374,-0.024442268153784422
2023-02-17,150.37155151367188,150.81512239489066,148.69583093968438,150.17441057100683,59144100,-0.007546563662392147,-0.007575183050218007,146.8281623840332,,,0.015944926212234766,0.25311785658508973,1.2215792774240342,1.2438408468046178,-0.017897441974005616,-0.024442268153784422
2023-02-21,146.35968017578125,149.1394173925265,146.29068760704538,148.05511953332274,58867200,-0.02667972297622978,-0.02704208649456247,147.20200271606444,,,0.0168475694686198,0.2674468740591156,1.188987880708858,1.2438408468046178,-0.0440996661563857,-0.0440996661563857
2023-02-22,146.78353881835938,147.8086807909047,145.0585291708209,146.74410160351695,51011300,0.0028960068925338867,0.0028918215431597413,147.52715682983398,,,0.01676004390678285,0.26605744883922494,1.1924311978065303,1.2438408468046178,-0.04133137220099908,-0.0440996661563857
2023-02-23,147.26654052734375,148.19311959888688,145.13739706863274,147.946689634791,48394200,0.003290571360199168,0.003285169277642398,147.90943145751953,,,0.016676870882326295,0.26473711800821814,1.1963549777550404,1.2438408468046178,-0.03817680467044228,-0.0440996661563857
2023-02-24,144.61492919921875,145.08807039598366,143.6390613800591,145.00921102304162,55469600,-0.018005524667245476,-0.01816959657755532,148.0557830810547,,,0.01704370526807889,0.2705604333505092,1.1748139786922902,1.2438408468046178,-0.055494935939477415,-0.055494935939477415
2023-02-27,145.80764770507812,147.03979725813033,145.34435826985944,145.60065500306268,44998500,0.008247547555870316,0.008213722391362964,148.1648262023926,,,0.016875977802872522,0.26789784238468145,1.1845033128508562,1.2438408468046178,-0.04770508550687783,-0.055494935939477415
2023-02-28,145.3049774169922,146.95112788301643,144.73325805691135,144.95011764317968,50547000,-0.00344748918179294,-0.0034534454660460233,148.3929229736328,,,0.016184052036901167,0.2569138613698129,1.180419750494005,1.2438408468046178,-0.050988111922469236,-0.055494935939477415
2023-03-01,143.23492431640625,145.12750429739225,142.9392054041828,144.73322244168676,55479000,-0.014246264218777283,-0.014348716445913219,148.45403518676758,,,0.01646543799454978,0.2613807249679968,1.1636031788394043,1.2438408468046178,-0.0645079860267824,-0.0645079860267824
2023-03-02,143.82635498046875,144.61493369350907,141.8450488958328,142.31820514818978,52238100,0.004129095378694325,0.004120594058178633,148.48861923217774,,,0.016398362882885133,0.26031594058023755,1.1684078073477842,1.2438408468046178,-0.06064525027508014,-0.0645079860267824
2023-03-03,148.87326049804688,148.9521198871165,145.22610023869615,145.9259528752422,70732300,0.035090269222657344,0.034488639554431,148.51030197143555,,,0.01617043152566409,0.25669764245703575,1.2094075518694727,1.2438408468046178,-0.02768303921165077,-0.0645079860267824
2023-03-06,151.63328552246094,154.0680147422593,151.26857399298945,151.59384830577196,87558000,0.018539427531717667,0.018369667306805393,148.4888885498047,,,0.01575797176038323,0.25015004666851637,1.2318292755336688,1.2438408468046178,-0.009656839379255213,-0.0645079860267824
2023-03-07,149.4351043701172,151.83039589059405,148.9718149331636,151.50510660246357,56182000,-0.014496692759573215,-0.014602796494002025,148.49388122558594,,,0.015570280270984243,0.24717053664359814,1.2139718249940097,1.2438408468046178,-0.02401353990531873,-0.0645079860267824
2023-03-08,150.68698120117188,151.278419098267,149.66183922588297,150.62784041964048,47204800,0.008377394564225593,0.008342498948493326,148.41777267456055,,,0.015049705419860874,0.2389066670743967,1.2241417459618376,1.2438408468046178,-0.015837316239763744,-0.0645079860267824
2023-03-09,148.4395294189453,152.33311931510104,148.08466971716794,151.36711819838627,53833600,-0.014914704404530799,-0.015027047045969893,148.3636375427246,,,0.014896122668415411,0.23646861647843426,1.2058840336715706,1.2438408468046178,-0.030515811754017325,-0.0645079860267824
2023-03-10,146.37940979003906,148.78456882882224,145.5021196528658,148.0649974904625,68572400,-0.013878510912628372,-0.013975717885178072,148.2581672668457,,,0.015139376087347872,0.24033014479080328,1.1891481589508954,1.2438408468046178,-0.04397080864020982,-0.0645079860267824
2023-03-13,148.32127380371094,150.95314411845015,145.59082548311505,145.69925527320058,84457100,0.013265964225823934,0.013178741868065577,148.2315544128418,,,0.01544436468154456,0.24517168862853708,1.2049233558867425,1.2438408468046178,-0.03128815958878739,-0.0645079860267824
2023-03-14,150.41098022460938,151.209410853691,147.95654755608294,149.11968969699433,73695900,0.014089053898390658,0.013990725670045567,148.16945419311523,,,0.015174614097281165,0.24088953085668519,1.2218995859912605,1.2438408468046178,-0.01763992625722467,-0.0645079860267824
2023-03-15,150.80528259277344,151.06156433450928,147.77911548729296,149.03098388604963,77167900,0.0026214998903355546,0.0026180697529268283,148.15910415649415,142.61224670410155,,0.015158678528236066,0.2406365615405234,1.2251027956219376,1.2438408468046178,-0.01506466943163799,-0.0645079860267824
2023-03-16,153.6244354248047,154.22572509887632,149.47454848721353,149.98712698991974,76161100,0.01869399256817772,0.018521407441471988,148.18473281860352,143.22281494140626,,0.015424781410436211,0.244860813837278,1.248004858178548,1.248004858178548,0.0,-0.0645079860267824
2023-03-17,152.78656005859375,154.50171782493953,152.07684064085686,153.8511391851991,98944600,-0.005454050092317919,-0.005468977725637237,148.2483123779297,143.79123291015625,,0.015282432571467887,0.2426010960733042,1.2411981771665859,1.248004858178548,-0.0054540500923180016,-0.0645079860267824
2023-03-20,155.1522674560547,155.5662829465371,151.94867858194203,152.85555389921097,73641400,0.015483740170298299,0.01536509026097447,148.48734817504882,144.43334228515624,,0.01550794698985982,0.24618102648205076,1.2604165672416812,1.2604165672416812,0.0,-0.0645079860267824
2023-03-21,157.0054473876953,157.1237289497417,154.3045697408097,155.07344501678244,73938300,0.011944265862344094,0.011873496090132949,149.01963653564454,145.02196655273437,,0.014134534829750552,0.22437878434260386,1.275471317818119,1.275471317818119,0.0,-0.0645079860267824
2023-03-22,155.576171875,159.824622189753,155.55645326577164,157.02518131500096,75701800,-0.009103349829423402,-0.009145038515815654,149.45926818847656,145.57157348632813,,0.014418313248436771,0.22888362708234927,1.2638602562146248,1.275471317818119,-0.009103349829423485,-0.0645079860267824
2023-03-23,156.66043090820312,159.24302685232914,155.4282812343858,156.56186795883147,67622100,0.00696931297470349,0.006945139562761137,149.92896270751953,146.13144805908203,,0.014445502873349123,0.22931524899690453,1.2726684938964734,1.275471317818119,-0.0021974809487995306,-0.0645079860267824
2023-03-24,157.96157836914062,158.0502895303303,155.59585715875076,156.59142861861952,59196500,0.008305527141693636,0.008271226046056498,150.59629516601564,146.66301635742187,,0.013585609809638102,0.21566486979277183,1.2832386766149089,1.2832386766149089,0.0,-0.0645079860267824
2023-03-27,156.0197296142578,158.47417734472043,155.61558088418133,157.6560281012329,52390300,-0.012293171383391144,-0.012369357437394684,151.1068992614746,147.1573226928711,,0.0140565048813276,0.2231400973125499,1.2674636036374858,1.2832386766149089,-0.01229317138339112,-0.0645079860267824
2023-03-28,155.3987274169922,156.226743517172,153.7525770821358,155.71416498675424,45992200,-0.00398027992229566,-0.003988222318738318,151.6115867614746,147.61263580322264,,0.014070829754149571,0.22336749761884728,1.262418743703687,1.2832386766149089,-0.016224521042448203,-0.0645079860267824
2023-03-29,158.47415161132812,158.7501519087846,157.0744315196879,157.09413508315754,51305700,0.01979053654721019,0.019597249881417672,152.3735481262207,148.10622955322265,,0.013873909315691735,0.22024148256949588,1.2874026879888378,1.2874026879888378,0.0,-0.0645079860267824
2023-03-30,160.04144287109375,160.14987263415844,158.96701206310877,159.2232937572216,49501700,0.009889885787869979,0.009841300937216845,153.18430252075194,148.64553833007812,,0.013911153168646332,0.2208327104061982,1.3001349535360442,1.3001349535360442,0.0,-0.0645079860267824
2023-03-31,162.54518127441406,162.64375926608275,159.59788883873148,160.120319104618,68749800,0.015644312862993726,0.015523202097192915,153.8678985595703,149.23374145507813,,0.012318659790482085,0.1955526617473598,1.320474671513276,1.320474671513276,0.0,-0.0645079860267824
2023-04-03,163.7970428466797,163.91532439911353,161.87489241518372,161.92418140899423,56976200,0.0077016221732970624,0.007672116080930423,154.47608642578126,149.7958023071289,,0.011898611007493261,0.18888459403753718,1.33064446852268,1.33064446852268,0.0,-0.0645079860267824
2023-04-04,163.2647705078125,164.45748300799937,162.75219201536794,164.22091988909426,46278300,-0.00324958454448665,-0.00325487591061319,155.167569732666,150.28344024658202,,0.01122866893157212,0.17824959328330306,1.326320426823562,1.33064446852268,-0.003249584544486633,-0.0645079860267824
2023-04-05,161.42144775390625,162.69303455117807,159.489445623491,162.38746386000238,51511700,-0.011290388907373328,-0.01135460918705772,155.70429306030275,150.7062600708008,,0.011721209619369344,0.186068434306256,1.3113457533889306,1.33064446852268,-0.014503284378565342,-0.0645079860267824
2023-04-06,162.3086700439453,162.6043890725921,159.68665105264884,160.11050346235672,45390100,0.00549630982985394,0.005481260238607963,156.39775009155272,151.16001251220703,,0.010891620991566745,0.172899123108338,1.3185533159436194,1.33064446852268,-0.009086689093206481,-0.0645079860267824
2023-04-10,159.71617126464844,159.71617126464844,157.7940207437735,159.11488161033475,47716900,-0.015972645075552405,-0.016101582596321613,157.0645881652832,151.52057800292968,,0.011086256159385901,0.17598886061095886,1.2974925318148591,1.33064446852268,-0.024914195708961265,-0.0645079860267824
2023-04-11,158.5037384033203,160.04145880285023,158.21787125365222,160.03160702009572,47644200,-0.007591171587247314,-0.007620131181536618,157.57371139526367,151.81811706542967,,0.011191587008053172,0.17766093599670071,1.2876430433726807,1.33064446852268,-0.03231623936162355,-0.0645079860267824
2023-04-12,157.813720703125,159.74572277857914,157.49828319805357,158.9177218890988,50133100,-0.004353321297946522,-0.00436282459173115,157.94384841918946,152.15953063964844,,0.011021679861219751,0.17496374365773812,1.2820375194878137,1.33064446852268,-0.03652887768648753,-0.0645079860267824
2023-04-13,163.19577026367188,163.43234843413578,159.11489082873655,159.3218986080038,68445600,0.03410381262521178,0.03353517010385413,158.56337280273436,152.58319244384765,,0.01309811580388277,0.20792614236359205,1.3257598868309175,1.33064446852268,-0.003670839061304954,-0.0645079860267824
2023-04-14,162.8507537841797,163.9449032227771,161.48060404043056,162.23959735915352,49386500,-0.002114126358390034,-0.0021163642782395338,159.02468872070312,152.97751403808593,,0.012692729963925937,0.2014908416582752,1.3229570629092722,1.33064446852268,-0.005777204802077996,-0.0645079860267824
2023-04-17,162.8704833984375,163.02820218114718,161.6876226098968,162.73248322378927,41516200,0.00012115150712754819,0.00012114416887639603,159.5288848876953,153.26613159179686,,0.012557878034159496,0.19935013363840026,1.3231173411513086,1.33064446852268,-0.005656753212019229,-0.0645079860267824
2023-04-18,164.09278869628906,165.01936778477705,163.28449117964493,163.72807715584273,49923000,0.007504768650200333,0.007476747979063275,159.97591094970704,153.50675628662108,,0.012273124396079863,0.19482980977072267,1.3330470306937174,1.3330470306937174,0.0,-0.0645079860267824
2023-04-19,165.23622131347656,165.75865162452376,163.1760554202755,163.43235220441335,47720200,0.006968207599322485,0.00694404183716666,160.3874496459961,153.82477569580078,,0.012129213215063122,0.1925452905956113,1.3423359791432516,1.3423359791432516,0.0,-0.0645079860267824
2023-04-20,164.2701873779297,165.47276665465435,163.1957564794937,163.71818673436218,52456400,-0.005846381186084937,-0.005863538176121968,160.82215042114257,154.0659963989258,,0.0119844256992123,0.19024686003628272,1.3344881713293837,1.3423359791432516,-0.005846381186084899,-0.0645079860267824
2023-04-21,162.66348266601562,164.07305473489896,162.14105238473394,162.69305305620966,58337300,-0.009780866130124855,-0.009829013003902064,161.1223030090332,154.32882141113282,,0.012259135483090431,0.19460774266142972,1.3214357211733758,1.3423359791432516,-0.015570064644483008,-0.0645079860267824
2023-04-24,162.9690399169922,163.23518844762253,161.5496011414824,162.64375061086378,41949600,0.0018784624918177784,0.0018767003875040144,161.37267608642577,154.61842590332031,,0.012167738883159876,0.19315686661687104,1.3239179886109482,1.3423359791432516,-0.013720849935095038,-0.0645079860267824
2023-04-25,161.4313507080078,163.93507261234095,161.3919134894812,162.8310711478655,48714100,-0.009435468293656268,-0.009480264328343011,161.64325714111328,154.8699822998047,,0.012011392247811501,0.19067494072415006,1.3114262024060084,1.3423359791432516,-0.02302685558422675,-0.0645079860267824
2023-04-26,161.42144775390625,162.91974586384254,160.47516529354857,160.73144699304368,45498800,-6.13446772149695e-05,-6.134655887663448e-05,161.94439315795898,155.0653515625,,0.011944354062358678,0.18961074252183086,1.3113457533889306,1.3423359791432516,-0.023086787686418607,-0.0645079860267824
2023-04-27,166.00506591796875,166.1529178634098,162.83104713478986,162.83104713478986,64902300,0.02839534787874287,0.027999672749757377,162.32093887329103,155.36520721435548,,0.012747974841029597,0.20236782689443483,1.3485818722457215,1.3485818722457215,0.0,-0.0645079860267824
2023-04-28,167.2569122314453,167.42449781718415,165.48262879614657,166.08391841749662,55275900,0.00754101271882357,0.007512721423401121,162.68171234130858,155.64810821533203,,0.012686014194976114,0.20138423213125237,1.3587515452967014,1.3587515452967014,0.0,-0.0645079860267824
2023-05-01,167.168212890625,168.01593249804148,166.2317821133474,166.86264216717663,52472900,-0.0005303179380566903,-0.0005304586063492136,162.91286392211913,155.96117309570312,,0.012299064664170148,0.1952415987605781,1.3580309749788684,1.3587515452967014,-0.0005303179380566353,-0.0645079860267824
2023-05-02,166.1332244873047,167.91739013162538,165.14750459229282,167.66109333275145,48425700,-0.006191299083860402,-0.006210544653873887,163.0296730041504,156.27640655517578,,0.012321147346167207,0.19559215046965134,1.3496229990476276,1.3587515452967014,-0.006718333664953027,-0.0645079860267824
2023-05-03,165.0587921142578,168.47924132633688,164.7729399649435,167.07952089132834,65136000,-0.00646729380208344,-0.006488297353042133,163.11937408447267,156.65038879394533,,0.012397300802458398,0.19680104911059845,1.3408945905907377,1.3587515452967014,-0.013142178029364751,-0.0645079860267824
2023-05-04,163.4224853515625,164.6546351492701,161.9636242025262,162.53534351356944,81235400,-0.009913478353595462,-0.009962944069845782,163.21942596435548,156.9831677246094,,0.012331333224676895,0.19575384627817946,1.3276016610924632,1.3587515452967014,-0.022925371685546935,-0.0645079860267824
2023-05-05,171.0913848876953,171.8109560965244,168.32149974515366,168.5383592942621,113453200,0.04692683212860893,0.045859046092680315,163.65856170654297,157.4596646118164,,0.016089053070061712,0.2554057995234213,1.3899018013762117,1.3899018013762117,0.0,-0.0645079860267824
2023-05-08,171.0223846435547,171.36739258858663,169.65223472844943,170.0169462399646,55962800,-0.00040329467311239764,-0.00040337601828052856,164.22387237548827,157.98781372070312,,0.015500929279501576,0.2460696237837648,1.3893412613835674,1.3899018013762117,-0.0004032946731123395,-0.0645079860267824
2023-05-09,169.31710815429688,171.06182151405454,169.14953757945023,170.5788283985824,45326900,-0.009971071873497439,-0.010021115950606395,164.7645408630371,158.4580029296875,,0.015599677192655056,0.24763719830790906,1.3754880398094962,1.3899018013762117,-0.010370345266438022,-0.0645079860267824
2023-05-10,171.08151245117188,171.54480192353225,169.44521410372417,170.5492304195713,53724500,0.010420708905960696,0.010366787594268326,165.42793045043945,158.9735336303711,,0.015562036801540141,0.24703967562306142,1.3898216002759813,1.3899018013762117,-5.7702709753246495e-05,-0.0645079860267824
2023-05-11,171.26881408691406,172.09681510347738,169.71137500858376,171.36739208260082,49514700,0.0010948093283640326,0.0010942104616879901,165.83158264160156,159.53421142578125,,0.01387816575374805,0.22030905142890364,1.3913431899287254,1.3913431899287254,0.0,-0.0645079860267824
2023-05-12,170.34097290039062,171.81171738299747,168.79124488441096,171.3773983196224,45533100,-0.005417455544782235,-0.005432183171998776,166.20609359741212,160.0645037841797,,0.013955496170556062,0.22153663373883345,1.383805650049751,1.3913431899287254,-0.005417455544782195,-0.0645079860267824
2023-05-15,169.847412109375,170.97268634600138,169.2551561693846,170.92332917405315,37266700,-0.002897487214096439,-0.002901693056388572,166.554940032959,160.48398681640626,,0.013997037166030702,0.2221960765982732,1.3797960908719376,1.3913431899287254,-0.008299245750704672,-0.0645079860267824
2023-05-16,169.847412109375,170.903583292935,169.58089543020992,169.76844364659667,42110300,0.0,0.0,166.8426712036133,160.84826934814453,,0.013947586087599786,0.22141106506472027,1.3797960908719376,1.3913431899287254,-0.008299245750704672,-0.0645079860267824
2023-05-17,170.4594268798828,170.6963172454511,168.21874344813716,169.4920894098534,57951600,0.0036033211392922926,0.0035968447307331043,167.10383148193358,161.26875579833984,,0.013902380815470117,0.22069345361669565,1.3847679392940893,1.3913431899287254,-0.004725829459066088,-0.0645079860267824
2023-05-18,172.78890991210938,172.97645812210007,170.35081330561755,170.76538642479474,65496700,0.013665909095588402,0.013573372669642054,167.52976760864257,161.71079437255858,,0.014032866223343113,0.2227648452504243,1.4036920520709675,1.4036920520709675,0.0,-0.0645079860267824
2023-05-19,172.89752197265625,174.11163026725697,172.68036243226308,174.11163026725697,55809500,0.0006285823586833494,0.0006283848835411193,168.0414695739746,162.1999542236328,,0.013738559692239166,0.2180928739072855,1.4045743881319233,1.4045743881319233,0.0,-0.0645079860267824
2023-05-22,171.9499053955078,172.45332751081392,171.2095929310653,171.73274586766902,43570900,-0.005480799067197228,-0.005495873752516616,168.4905128479004,162.7113641357422,,0.013872122953409675,0.2202131249473971,1.3968761981356408,1.4045743881319233,-0.005480799067197161,-0.0645079860267824
2023-05-23,169.34400939941406,171.1405082441651,169.06762727894406,170.89373741791002,50747300,-0.015154971967561326,-0.015270982134779992,168.8861457824707,163.13181884765626,,0.014192357019566587,0.22529668314969026,1.3757065785107414,1.4045743881319233,-0.020552709678535352,-0.0645079860267824
2023-05-24,169.620361328125,170.19287135053577,168.3174194294986,168.88004898113246,45143500,0.0016318966917756583,0.0016305665952261676,169.29609146118165,163.51600646972656,,0.014181386368010536,0.22512252945526434,1.3779515895250671,1.4045743881319233,-0.018954352885691094,-0.0645079860267824
2023-05-25,170.75555419921875,171.6537886011476,169.47234283142473,170.1830440486123,56058300,0.006692550718588208,0.00667025502246361,169.53361587524415,163.91501190185548,,0.012871417976767824,0.20432742592376288,1.387173600425723,1.4045743881319233,-0.012388655135128377,-0.0645079860267824
2023-05-26,173.1639862060547,173.49960591702484,170.87396117733175,171.08125526170468,54835000,0.01410456027700313,0.01400601649682305,169.8289695739746,164.30580291748046,,0.013115212784279373,0.2081975485133894,1.406739074087595,1.406739074087595,0.0,-0.0645079860267824
2023-05-30,175.00985717773438,176.67803022234617,174.28929064745816,174.6742524991613,55964400,0.010659670131889953,0.010603256395332562,170.22105178833007,164.75026885986327,,0.013247815191296952,0.21030254646669186,1.4217344485790089,1.4217344485790089,0.0,-0.0645079860267824
2023-05-31,174.9604949951172,177.03337571367211,174.4768188110026,175.03946345752533,99625300,-0.0002820537277912205,-0.00028209351242501304,170.66241531372071,165.14643341064453,,0.013111869490281468,0.20814447536652,1.421333443077858,1.4217344485790089,-0.0002820537277912621,-0.0645079860267824
2023-06-01,177.76380920410156,177.79342049505456,174.64462268903534,175.40468096744894,68901800,0.016022555314916254,0.015895549022977833,171.29766616821288,165.56160064697266,,0.01325046211235955,0.21034456503592178,1.4441068367905132,1.4441068367905132,0.0,-0.0645079860267824
2023-06-02,178.61270141601562,179.43198227661338,176.94452840385708,178.69166987914852,61996900,0.004775393910126047,0.004764027887089236,172.05717697143555,166.02233123779297,,0.012851634352181444,0.20401337061964073,1.451003015784494,1.451003015784494,0.0,-0.0645079860267824
2023-06-05,177.26040649414062,182.56103856696868,175.74028990045602,180.27101332814428,121946500,-0.0075711016694456346,-0.007599907948642618,172.36562805175782,166.43433074951173,,0.008393847287255023,0.13324819479078562,1.4400173244293173,1.451003015784494,-0.007571101669445671,-0.0645079860267824
2023-06-06,176.8951873779297,177.79342164547316,175.13816542041533,177.64536518975015,64848400,-0.0020603535974798026,-0.002062479045905143,172.65926818847657,166.8130029296875,,0.008424923781305839,0.13374151884005503,1.4370503795544962,1.451003015784494,-0.00961585612036387,-0.0645079860267824
2023-06-07,175.52313232421875,178.8693435880805,175.0295907510138,176.13511905525095,61944600,-0.007756316460885926,-0.007786553135027461,172.96956939697264,167.20307098388673,,0.008276368728954243,0.131383280492908,1.4259041620404354,1.451003015784494,-0.017297588958137877,-0.0645079860267824
2023-06-08,178.2376251220703,178.50412674833163,175.1677956906412,175.60209965770608,50214900,0.01546515699615858,0.0153467902691173,173.32737503051757,167.65984893798827,,0.00862149135065433,0.13686193226595433,1.4479559937678665,1.451003015784494,-0.0020999418908719775,-0.0645079860267824
2023-06-09,178.62258911132812,179.87617397731293,178.2968498358667,179.1556074319137,48900000,0.0021598357192773587,0.0021575066271448985,173.69506378173827,168.0628176879883,,0.008618334238760449,0.13681181466835984,1.451083340843148,1.451083340843148,0.0,-0.0645079860267824
2023-06-12,181.416015625,181.51472997018058,178.63244881890137,178.92857679274874,54274900,0.015638708001992185,0.015517683554533934,174.24881591796876,168.4903091430664,,0.008927171076275851,0.14171444747492837,1.4737764094971493,1.4737764094971493,0.0,-0.0645079860267824
2023-06-13,180.94219970703125,181.77134589189876,180.08344223425368,180.4387927508673,54929100,-0.002611764547558848,-0.0026151811547971333,174.80355529785157,168.85824951171875,,0.00891713574239479,0.14155514148829162,1.469927252519796,1.4737764094971493,-0.0026117645475589187,-0.0645079860267824
2023-06-14,181.57394409179688,182.00826309164242,179.668880824476,181.00143405215442,57462900,0.0034914154121510332,0.003485334571078666,175.38988189697267,169.21378753662108,,0.00888517585789476,0.1410477940503871,1.4750593791839843,1.4750593791839843,0.0,-0.0645079860267824
2023-06-15,183.60731506347656,184.11073706491703,181.406124051015,181.58380683437406,65433200,0.011198583485368951,0.01113634358408805,176.04727630615236,169.62063842773438,,0.009055849426549504,0.1437571529585812,1.4915779547876526,1.4915779547876526,0.0,-0.0645079860267824
2023-06-16,182.5314178466797,184.57468723659963,181.88981981135748,184.31803597311566,101256200,-0.005859773160044934,-0.005877008995829501,176.53440170288087,170.04283782958984,,0.00898403332609929,0.14261710770705105,1.4828376463220732,1.4915779547876526,-0.005859773160044995,-0.0645079860267824
2023-06-20,182.62026977539062,183.69620198313194,182.02802885230534,182.02802885230534,49799100,0.0004867760835867152,0.00048665764654226096,177.0205390930176,170.44906982421875,,0.008985880196823956,0.14264642587089796,1.4835594562241448,1.4915779547876526,-0.005375849473887833,-0.0645079860267824
2023-06-21,181.58384704589844,183.01511479137184,180.23153270863293,182.51169267844918,49515700,-0.005675288568825931,-0.005691454211133393,177.50223617553712,170.88642333984376,,0.008995387866502853,0.1427973554480066,1.4751398282010622,1.4915779547876526,-0.011020628545646947,-0.0645079860267824
2023-06-22,184.58453369140625,184.63389085713814,181.29754526800113,181.36664831236425,51245300,0.016525074748247492,0.016390021512711895,178.2642623901367,171.40803924560547,,0.008445741033216343,0.13407198246926488,1.4995166241262017,1.4995166241262017,0.0,-0.0645079860267824
2023-06-23,184.26869201660156,185.13733008755815,182.62026481317798,183.15329819733586,53117000,-0.0017110950115285517,-0.0017125606066847733,178.99667892456054,171.937138671875,,0.00853501202201504,0.13548911548319004,1.496950808710955,1.4995166241262017,-0.001711095011528624,-0.0645079860267824
2023-06-26,182.8769073486328,185.6209974197008,182.83741558637178,184.4167547195407,48088700,-0.007553017567647147,-0.007581686051773139,179.60274658203124,172.3307614135742,,0.008901265354943481,0.1413032068978532,1.4856443129548575,1.4995166241262017,-0.009251188648493848,-0.0645079860267824
2023-06-27,185.63084411621094,185.9565833444032,183.27171612569057,183.48887561115208,50730800,0.015058964018502818,0.014946703435506041,180.22608947753906,172.78636322021484,,0.008963605246963562,0.14229282200411572,1.5080165772079381,1.5080165772079381,0.0,-0.0645079860267824
2023-06-28,186.80551147460938,187.4471095844542,185.17683008088284,185.50255431027165,51216800,0.006327975094823524,0.0063080375258452465,180.8158721923828,173.2650637817383,,0.00883340075813061,0.14022588982189807,1.517559268551091,1.517559268551091,0.0,-0.0645079860267824
2023-06-29,187.1410675048828,187.6148782023387,186.49946956190402,186.63766058323907,46347300,0.0017962854929953753,0.0017946741015999492,181.4249008178711,173.72602935791016,,0.0088011661999864,0.13971418207506828,1.52028523824995,1.52028523824995,0.0,-0.0645079860267824
2023-06-30,191.4645538330078,191.96796090675178,188.7895513940242,189.15478246637608,85213200,0.023102819631036775,0.022839989867131556,182.1099380493164,174.2505960083008,,0.009453517577303977,0.1500699391459449,1.5554081138969664,1.5554081138969664,0.0,-0.0645079860267824
2023-07-03,189.97402954101562,191.37568580561538,189.28305928715224,191.27697146600818,31458200,-0.0077848576258778834,-0.00781531781849807,182.6780044555664,174.7646728515625,,0.00979369058944293,0.15547001830307744,1.5432994831801432,1.5554081138969664,-0.007784857625877939,-0.0645079860267824
2023-07-05,188.85862731933594,190.48730854754436,188.15779163185775,189.09553270560195,46920300,-0.005871340542570658,-0.005888644627816274,183.25791549682617,175.2885757446289,,0.009702863560572032,0.15402818391878578,1.5342382463552193,1.5554081138969664,-0.013610490618251614,-0.0645079860267824
2023-07-06,189.33242797851562,189.53972207962792,186.756140199604,187.3878728511301,45094300,0.0025087583548859538,0.002505616674026035,183.87977752685546,175.81584350585936,,0.009625515088865355,0.1528003149962251,1.5380872793741485,1.5554081138969664,-0.011135877695418355,-0.0645079860267824
2023-07-07,188.2169952392578,190.18129599874976,187.78269133409245,188.93757673504143,46815000,-0.0058913982732233805,-0.005908821023304866,184.51447067260742,176.35155639648437,,0.009519725611358557,0.1511209591033624,1.5290257946323769,1.5554081138969664,-0.016961670078016054,-0.0645079860267824
2023-07-10,186.1737823486328,187.5359621262765,184.6240543335807,186.81538047079187,59922200,-0.010855623786936497,-0.010914975998531397,184.91127853393556,176.8466030883789,,0.009603367180356367,0.15244872784837513,1.5124272658453262,1.5554081138969664,-0.027633164355787467,-0.0645079860267824
2023-07-11,185.65061950683594,186.85486227702734,184.18974051380027,186.71667122446578,46638100,-0.0028100779561817113,-0.0028140336374948096,185.26268005371094,177.23951416015626,,0.009669191170360546,0.15349365129549347,1.508177227325246,1.5554081138969664,-0.030365590965953416,-0.0645079860267824
2023-07-12,187.3187713623047,189.22383458950753,186.0355602702456,187.22992243297554,60750200,0.00898543651456718,0.008945307684122578,185.55781784057618,177.64075134277343,,0.00928103698607141,0.14733189464362434,1.521728858054093,1.5554081138969664,-0.021653002541238083,-0.0645079860267824
2023-07-13,188.07884216308594,188.72045533421505,187.32866429002723,188.03936545890204,41342300,0.0040576328536297,0.004049422862701513,185.9146499633789,178.05896392822265,,0.00923984541708347,0.14667799875769644,1.5279034750628497,1.5554081138969664,-0.01768322962209946,-0.0645079860267824
2023-07-14,188.2268829345703,188.71054402484233,187.1805772351739,187.7728180713282,41616200,0.0007871208147698372,0.000786811197641387,186.24729690551757,178.50083709716796,,0.00923629389413822,0.14662162007876442,1.529106119691031,1.5554081138969664,-0.01691002764543749,-0.0645079860267824
2023-07-17,191.48426818847656,191.81000743962883,189.33241906132668,189.421252931179,50520200,0.01730563245335448,0.01715759547121938,186.6411445617676,179.02934661865234,,0.009653462031196783,0.15324395895210682,1.555568268180579,1.555568268180579,0.0,-0.0645079860267824
2023-07-18,191.22763061523438,191.8198865800326,189.93455398917624,190.85254922844402,48288200,-0.001340254088077808,-0.0013411530318866286,187.07595520019532,179.58544952392577,,0.00950798278035886,0.15093454744028406,1.5534834114498657,1.555568268180579,-0.0013402540880778717,-0.0645079860267824
2023-07-19,192.57992553710938,195.6694855056854,190.1615598085878,190.60575926840173,80507300,0.007071650250145778,0.007046763390080419,187.57393798828124,180.01522033691407,,0.009553151419437503,0.15165157735665197,1.5644691028050424,1.5644691028050424,0.0,-0.0645079860267824
2023-07-20,190.6353759765625,193.93223012421538,190.01350876450033,192.57005054034346,59581200,-0.01009736375753334,-0.010148687919739005,188.02651443481446,180.4074801635742,,0.009805089635437692,0.1556509725483906,1.548672089186598,1.5644691028050424,-0.010097363757533402,-0.0645079860267824
2023-07-21,189.46072387695312,192.4515843269373,188.75988828116408,191.59282688932564,71951700,-0.0061617739813086825,-0.006180836055074177,188.27032394409179,180.81035247802734,,0.0093986709695507,0.14919927623972082,1.539129521801869,1.5644691028050424,-0.01619692006556109,-0.0645079860267824
2023-07-24,190.26028442382812,192.3923877240068,189.76674282999198,190.9117629424984,45377800,0.004220191554816788,0.0042113115212988345,188.5699035644531,181.19392791748047,,0.009390695834664965,0.14907267489824172,1.5456249432115465,1.5644691028050424,-0.012045082616018986,-0.0645079860267824
2023-07-25,191.1190643310547,191.9284798692301,190.42810903120733,190.83281680029503,37283200,0.004513710834750606,0.0045035545920945,188.9820114135742,181.5909329223633,,0.009153417688085983,0.14530600109385183,1.5526014472641814,1.5644691028050424,-0.007585739801177715,-0.0645079860267824
2023-07-26,191.98768615722656,193.11296042478057,190.8229351880455,191.1684052777898,47471900,0.004544925066539918,0.0045346280821699355,189.299853515625,182.0238671875,,0.008667864054239211,0.13759807611379818,1.5596579045001986,1.5644691028050424,-0.0030752913536083617,-0.0645079860267824
2023-07-27,190.7241973876953,194.65278390019768,190.06285351948284,193.4880330742484,47460200,-0.006581092750378437,-0.006602843623468893,189.49578781127929,182.4414028930664,,0.008786533297555575,0.13948189195032207,1.5493936511718218,1.5644691028050424,-0.009636145326354323,-0.0645079860267824
2023-07-28,193.30050659179688,194.09017617119656,191.63233355900982,192.15548645475204,48291400,0.013508035369337756,0.013417615215279656,189.803759765625,182.91046478271485,,0.009216865535183055,0.14631320444169965,1.5703229154128782,1.5703229154128782,0.0,-0.0645079860267824
2023-07-31,193.9124755859375,193.9519673452193,192.7378442652397,193.52751377225187,38824100,0.003165894414508541,0.003160893522869964,189.9261558532715,183.37952575683593,,0.0077346960469628,0.12278449324162762,1.5752943919597586,1.5752943919597586,0.0,-0.0645079860267824
2023-08-01,193.08334350585938,194.1888718595327,192.75760424557473,193.7052107356477,35175100,-0.004275805760164619,-0.004284973158957567,190.08162155151368,183.78541442871094,,0.007571030075551205,0.1201863764909943,1.568558739124662,1.5752943919597586,-0.004275805760164636,-0.0645079860267824
2023-08-02,190.09246826171875,192.65887532596588,189.37190180440743,192.52068429221174,50389300,-0.015490073819080408,-0.015611298494749841,190.1433135986328,184.12931335449218,,0.008291014499063621,0.13161577488571866,1.5442616484660574,1.5752943919597586,-0.019699647032384002,-0.0645079860267824
2023-08-03,188.70068359375,189.8851803589987,188.22688789998924,189.09552588996192,61235200,-0.007321619213511155,-0.007348553817938962,190.11172637939453,184.46432891845703,,0.008446743100964995,0.13408788980162353,1.5329551527099599,1.5752943919597586,-0.0268770329316835,-0.0645079860267824
2023-08-04,179.63925170898438,184.95962880576235,179.57014866509618,183.12365370967743,115956800,-0.04802013279545825,-0.04921139230878053,189.68283920288087,184.67023376464843,,0.013624394314233667,0.21628055471606808,1.4593424427073456,1.5752943919597586,-0.07360652703661441,-0.07360652703661441
2023-08-07,176.53985595703125,180.76457131743229,175.0592309925441,179.77748800777417,97576100,-0.017253443901971588,-0.017404019038351957,189.20114288330078,184.80862365722658,,0.013909463476797165,0.22080588737964682,1.4341637597383283,1.5752943919597586,-0.08959000485354075,-0.08959000485354075
2023-08-08,177.47755432128906,177.94148460917899,175.2862285117603,177.36897457174686,67823000,0.005311539194220449,0.005297482722279681,188.79248962402343,184.94306365966796,,0.014019880412627066,0.22255870189606103,1.441781376759109,1.5752943919597586,-0.0847543264815103,-0.08959000485354075
2023-08-09,175.88836669921875,178.59296516430098,174.72360063232372,178.53374257918168,60378500,-0.008954302013838844,-0.008994632712131046,188.22096939086913,184.99755126953124,,0.013842473833383264,0.21974245975830636,1.4288712308736795,1.5752943919597586,-0.09294971265905423,-0.09294971265905423
2023-08-10,175.67117309570312,178.41526279292168,175.30595718386297,177.16166309157035,54686900,-0.0012348377984943149,-0.0012356008389073875,187.6005859375,185.01077758789063,,0.013749714577218927,0.21826995221664533,1.4271068066686157,1.5752943919597586,-0.0940697726389979,-0.0940697726389979
2023-08-11,175.73049926757812,176.5508864753638,174.5048729038775,175.2659575562626,52036700,0.0003377114800882097,0.00033765446840162424,186.97576675415038,185.02617767333984,,0.01374302327461664,0.21816373108084897,1.4275887570205397,1.5752943919597586,-0.0937638296010592,-0.0940697726389979
2023-08-14,177.38116455078125,177.60849603671858,175.2560608313475,175.90841909398483,43675600,0.009393163338651478,0.009349321905894417,186.27061157226564,185.01852478027342,,0.013221478705247565,0.2098844677117279,1.440998331395656,1.5752943919597586,-0.08525140522910794,-0.0940697726389979
2023-08-15,175.3944091796875,177.40089237300145,174.99904882828764,176.8078518459017,43622600,-0.011200486681464894,-0.011263684472869975,185.47895050048828,184.95415893554687,,0.01331108674187036,0.21130695119398799,1.4248584487768459,1.5752943919597586,-0.09549703468172804,-0.09549703468172804
2023-08-16,174.524658203125,176.47182426987777,174.4554618287455,175.0781688700227,46964900,-0.004958829535275933,-0.004971165328081802,184.57618713378906,184.89944396972658,,0.013042792211566307,0.20704790756216754,1.4177928186174638,1.5752943919597586,-0.09998231070089297,-0.09998231070089297
2023-08-17,171.9844207763672,175.4537562487029,171.47044012349116,175.08804707675128,66062900,-0.014555177777808903,-0.01466214358424615,183.6436393737793,184.80122863769532,,0.013175005730485705,0.2091467321082963,1.397156592090386,1.5752943919597586,-0.1130822281718142,-0.1130822281718142
2023-08-18,172.46875,173.0716844916875,169.96805819399307,170.30411608587545,61172200,0.002816122654868858,0.0028121648102413487,182.79404067993164,184.74014099121095,,0.013287619076424916,0.2109344135542685,1.401091156421771,1.5752943919597586,-0.11058455894156306,-0.1130822281718142
2023-08-21,173.80311584472656,174.0897650131681,171.72745069652257,173.04204616473623,46311900,0.0077368557766352986,0.007707079791038472,181.97118225097657,184.65145080566407,,0.01343297516534876,0.2132418699313174,1.4119311966289254,1.5752943919597586,-0.10370327994858143,-0.1130822281718142
2023-08-22,175.17698669433594,175.62177093693052,174.2083431088137,175.00895776189057,42038900,0.007904753852840951,0.007873674959338094,181.17407836914063,184.58253875732422,,0.013572427516380771,0.21545560737476133,1.4230921651954243,1.5752943919597586,-0.09661827499746627,-0.1130822281718142
2023-08-23,179.02191162109375,179.44693836874362,176.26423745502308,176.45203891919172,52722800,0.021948801605240265,0.021711394249979383,180.525789642334,184.5346566772461,,0.014679214485790865,0.2330253058270771,1.4543273327952704,1.5752943919597586,-0.07679012874158596,-0.1130822281718142
2023-08-24,174.3368377685547,179.0021629998802,173.97111355320405,178.57713623123834,54945800,-0.026170393389917446,-0.026518932522482684,179.70642166137696,184.40254943847657,,0.015532367937792096,0.2465686970121063,1.4162670143783087,1.5752943919597586,-0.10095089425387373,-0.1130822281718142
2023-08-25,176.54103088378906,177.07476903438783,173.78335612196395,175.3252830926219,51449600,0.0126433009996465,0.012564041835372295,178.86844787597656,184.3018911743164,,0.015481114276349985,0.24575507036036234,1.4341733045369642,1.5752943919597586,-0.08958394579646252,-0.1130822281718142
2023-08-28,178.10269165039062,178.49805204021447,176.48168992086147,178.0038440119186,43820700,0.008845879956538516,0.00880698436927261,178.0779586791992,184.1917987060547,,0.015678230069146783,0.24888418656370434,1.4468598294257704,1.5752943919597586,-0.08153051467047254,-0.1130822281718142
2023-08-29,181.98716735839844,182.75813070921157,177.4206898063463,177.61837000977968,53003900,0.021810314442821,0.021575872248835715,177.52314987182618,184.18091369628905,,0.016715761045573208,0.26535448021060637,1.4784162972602328,1.5752943919597586,-0.06149840638929957,-0.1130822281718142
2023-08-30,185.47628784179688,185.67398314097,182.6000082560471,182.7976884731864,60813900,0.01917234349017094,0.01899086995951325,177.29234085083007,184.2380340576172,,0.017124947243150203,0.2718501097228596,1.5067610023327727,1.5752943919597586,-0.043505131470522415,-0.1130822281718142
2023-08-31,185.6937255859375,186.9292456956689,185.30824391498263,185.66407430986655,60794500,0.0011723209832952275,0.0011716343516340335,177.14199295043946,184.32023162841796,,0.017067430375539656,0.270937057755526,1.5085274098726182,1.5752943919597586,-0.04238381246573114,-0.1130822281718142
2023-09-01,187.26531982421875,187.7199827815663,186.09898099052413,187.29497110047913,45766500,0.008463367479554007,0.008427753983990888,177.52329635620117,184.37384735107423,,0.013009487614021329,0.2065192134664529,1.52129463169535,1.5752943919597586,-0.03427915476625915,-0.1130822281718142
2023-09-05,187.50253295898438,187.77928826308653,185.4367469097816,186.09898389331408,45280000,0.0012667221832012299,0.001265920567534677,178.07143020629883,184.43852416992186,,0.012188003569001177,0.19347855853166865,1.5232216893525035,1.5752943919597586,-0.03305585474882169,-0.1130822281718142
2023-09-06,180.79119873046875,186.66239298088038,179.3678770840619,186.21759365485326,81755800,-0.03579329901630557,-0.036449587248730334,178.23711242675782,184.3968099975586,,0.014946725699954469,0.23727191470066408,1.4687005599573872,1.5752943919597586,-0.06766597567186308,-0.1130822281718142
2023-09-07,175.503173828125,176.1456533918577,171.52973657694065,173.15073850258275,112488800,-0.0292493491910929,-0.029685639951932397,178.2178527832031,184.1942565917969,,0.016289059614944482,0.25858080499349184,1.42574202442204,1.5752943919597586,-0.09493613911217362,-0.1130822281718142
2023-09-08,176.11599731445312,178.15214742516778,175.73051558651892,176.2840413464044,65551300,0.003491808569389576,0.0034857263603411226,178.24009399414064,183.98046630859375,,0.016304215710005062,0.25882140054375474,1.4307204426406557,1.5752943919597586,-0.09177582936688074,-0.1130822281718142
2023-09-11,177.28231811523438,178.21143169284028,175.28571330476424,177.98410020535158,58953100,0.006622458030878242,0.006600625890972833,178.31768493652345,183.78329132080077,,0.016366363859569046,0.2598079718328896,1.440195328725963,1.5752943919597586,-0.08576115291423367,-0.1130822281718142
2023-09-12,174.2577667236328,178.043402311121,172.79491507430095,177.4108165912451,90370200,-0.01706064893417958,-0.017207858535081735,178.16151504516603,183.43915557861328,,0.016681532166093267,0.2648111135940444,1.415624661825924,1.5752943919597586,-0.10135866092635298,-0.1130822281718142
2023-09-13,172.1919708251953,175.24617287306006,171.96462426919445,174.46531572894506,84267900,-0.011854828265495776,-0.01192565707420062,178.00139312744142,183.08351440429686,,0.016703724497002147,0.2651634059256309,1.3988426745715772,1.5752943919597586,-0.11201189967334624,-0.1130822281718142
2023-09-14,173.70425415039062,174.060084556446,171.56927171405846,171.98440467411754,60895800,0.008782542635106694,0.008744200438650467,177.9603729248047,182.78042694091798,,0.016805410816706667,0.2667776262076843,1.4111280700008086,1.5752943919597586,-0.10421310632276005,-0.1130822281718142
2023-09-15,172.98269653320312,174.45544195430384,171.806494041059,174.43566940930017,109259500,-0.004153943268210281,-0.004162594857667944,178.0102867126465,182.45343231201173,,0.01649257277484834,0.261811476251299,1.4052663240538463,1.5752943919597586,-0.10793415425950155,-0.1130822281718142
2023-09-18,175.90843200683594,177.3021024660386,174.12927983360214,174.4356864419302,67257600,0.016913457428218814,0.01677201750477012,178.1822708129883,182.2072610473633,,0.016896678331735505,0.26822645309295523,1.4290342362010406,1.5752943919597586,-0.09284623655440159,-0.1130822281718142
2023-09-19,176.99569702148438,177.54920768301113,175.07816717117066,175.4636488877364,51826900,0.006180857860220046,0.006161834704315747,178.34189987182617,182.02369934082031,,0.016868188476827077,0.2677741906670992,1.4378668936923873,1.5752943919597586,-0.08723924808518074,-0.1130822281718142
2023-09-20,173.45713806152344,177.61836118650515,173.36816915467014,177.18345571133617,58436200,-0.019992344557005937,-0.02019489567150588,178.25590744018555,181.77982971191406,,0.017415786606015577,0.2764670414765211,1.4091205633265773,1.5752943919597586,-0.10548747553557358,-0.1130822281718142
2023-09-21,171.9152069091797,174.25776334751873,171.846025624082,172.5280351536478,63149100,-0.008889407317425269,-0.008929153822557845,177.90057220458985,181.47175842285156,,0.016687750650857567,0.26490982897935234,1.3965943166798076,1.5752943919597586,-0.11343916171607622,-0.11343916171607622
2023-09-22,172.76522827148438,175.02870938713053,172.03381007438438,172.64662317617766,56725400,0.004944422181068164,0.004932238669495136,177.82199172973634,181.16548614501954,,0.015727784734110243,0.24967084248248297,1.403499668597153,1.5752943919597586,-0.10905563064239877,-0.11343916171607622
2023-09-25,174.04034423828125,174.9200341436397,172.13269293306647,172.1821167645658,46172700,0.0073806284954121,0.007353524936084082,177.69695739746095,180.88175537109376,,0.015542165546866401,0.24672422923442816,1.4138583782445027,1.5752943919597586,-0.10247990124209107,-0.11343916171607622
2023-09-26,169.96803283691406,173.17049122867175,169.67150500159482,172.79490338049743,64588900,-0.02339866321909667,-0.023676758544431326,177.29022445678712,180.4514306640625,,0.016170733846773856,0.25670244165587086,1.3807759822124615,1.5752943919597586,-0.1234806717652977,-0.1234806717652977
2023-09-27,168.4557647705078,171.03553164114703,167.0917606780329,170.62039864934732,66921800,-0.008897367588276306,-0.008937185522427773,176.61365432739257,179.99599334716797,,0.015198656835088933,0.2412711974871441,1.368490710741654,1.5752943919597586,-0.13127938642683082,-0.13127938642683082
2023-09-28,168.7127685546875,170.03724268196555,165.6783234920371,167.37840061261642,56294400,0.0015256455279508696,0.0015244829131542184,175.7754783630371,179.51865020751953,,0.014282840088149187,0.22673305733367966,1.3705785424745394,1.5752943919597586,-0.12995402670769413,-0.13127938642683082
2023-09-29,169.22669982910156,171.06515408193007,168.36676770498428,170.02731432787635,51861100,0.003046190746656352,0.0030415605083002457,174.9521270751953,179.09047668457032,,0.014328958743477917,0.22746516829048277,1.374753586148191,1.5752943919597586,-0.12730370071468552,-0.13127938642683082
2023-10-02,171.73728942871094,172.28092127496365,168.94994891630552,169.2365980179806,52164500,0.014835658924654105,0.014726686995021323,174.17572555541992,178.73600799560546,,0.014699227832062506,0.23334300784989898,1.3951489614577306,1.5752943919597586,-0.11435667607368077,-0.13127938642683082
2023-10-03,170.40293884277344,171.61870157072957,168.84125459232132,170.26456118455488,49594600,-0.007769719612882309,-0.007800061149987828,173.32074584960938,178.33886108398437,,0.014660694061278763,0.23273130320247087,1.384309045209,1.5752943919597586,-0.12123787637760935,-0.13127938642683082
2023-10-04,171.64834594726562,172.19197782627828,168.98950418793981,169.10810929534875,53020300,0.007308601089569766,0.007282022686689659,172.8636032104492,177.9494467163086,,0.012907454453382289,0.20489948725525609,1.3944264078051158,1.5752943919597586,-0.11481535456343014,-0.13127938642683082
2023-10-05,172.88388061523438,173.41761872545223,170.67970163713667,171.77684421895017,48527900,0.007198057523655654,0.0071722751556478285,172.73263854980468,177.56737060546874,,0.011421130151103534,0.18130482042672902,1.4044635693010017,1.5752943919597586,-0.10844374456652091,-0.13127938642683082
2023-10-06,175.43397521972656,175.9281832590251,171.17388925206592,171.78671747657816,57266700,0.014750331814725959,0.01464260372841646,172.69853744506835,177.26156616210938,,0.011905252218944659,0.18899002000096476,1.425179872969886,1.5752943919597586,-0.09529299396738247,-0.13127938642683082
2023-10-09,176.91661071777344,176.9759132731787,173.76356081110382,174.76185568517045,42390800,0.008451244955202775,0.008415733123735685,172.6802520751953,176.93388824462892,,0.011966680222945902,0.18996515933369898,1.4372244171815791,1.5752943919597586,-0.08764709344671275,-0.13127938642683082
2023-10-10,176.32357788085938,177.63817333039142,175.88867230873925,176.03694379852678,43698000,-0.0033520472413983704,-0.0033576779381815722,172.78354263305664,176.58211029052734,,0.01131501118972481,0.17962023413954958,1.4324067730386951,1.5752943919597586,-0.09070534349030654,-0.13127938642683082
2023-10-11,177.7172088623047,177.76663268122664,175.5426965680271,176.13573714899445,47551100,0.007903826579488848,0.00787275495794401,173.0598045349121,176.27478759765626,,0.011024538951913219,0.1750091303154423,1.4437282677640781,1.5752943919597586,-0.0835184362155981,-0.13127938642683082
2023-10-12,178.61668395996094,180.227791982292,176.96601576479657,177.98409824545533,56743100,0.005061271800375744,0.005048506618177168,173.30542602539063,176.0452719116211,,0.010928604662269456,0.17348622067983607,1.4510353689331177,1.5752943919597586,-0.0788798739212519,-0.13127938642683082
2023-10-13,176.7782440185547,179.82255265296823,176.0764618780152,179.31846581874476,51427100,-0.010292655202457812,-0.01034599087075303,173.4952033996582,175.8068231201172,,0.011177712430375398,0.17744068390421208,1.436100362194118,1.5752943919597586,-0.08836064577902492,-0.13127938642683082
2023-10-16,176.64971923828125,177.00554962273654,174.46531311220224,174.7025383958498,52517000,-0.0007270395799380269,-0.0007273040013844313,173.53226776123046,175.74703247070312,,0.010546136407099095,0.16741472535449065,1.4350562603900394,1.5752943919597586,-0.08902344367217276,-0.13127938642683082
2023-10-17,175.09791564941406,176.35320838797153,172.77514673671925,174.60370757241088,57549400,-0.008784636599246332,-0.00882344898834027,173.43737869262696,175.71819366455077,,0.0106347258106793,0.16882103853850322,1.4224498126430396,1.5752943919597586,-0.09702604166994551,-0.13127938642683082
2023-10-18,173.80311584472656,175.52296560926894,173.08157618002008,173.54613304029243,54764400,-0.00739471854867757,-0.007422195017521547,173.4546775817871,175.64470489501954,166.77875679016114,0.009755216310661532,0.15485925806190856,1.4119311966289252,1.5752943919597586,-0.10370327994858157,-0.13127938642683082
2023-10-19,173.427490234375,175.7799102245973,173.16061367257353,174.00075828264139,59302900,-0.002161213327654843,-0.0021635521195383822,173.53029174804686,175.59548736572265,167.03041412353517,0.009540924558516635,0.15145748195678244,1.408879712109039,1.5752943919597586,-0.10564036836549004,-0.13127938642683082
2023-10-20,170.87738037109375,173.38795063159753,170.64015507731645,173.2792242572037,64244000,-0.014704184785439445,-0.014813362882294722,173.43589935302734,175.49961151123046,167.26297271728515,0.010054941863016014,0.15961725370051716,1.388163284481731,1.5752943919597586,-0.11879119765368139,-0.13127938642683082
2023-10-23,170.99600219726562,171.99429712738208,167.96155723103598,168.93021596381925,55980100,0.0006941926773120777,0.0006939518370287228,173.28368225097657,175.4049215698242,167.50271873474122,0.009888876608663815,0.15698104951396952,1.3891269372687318,1.5752943919597586,-0.11817946895590961,-0.13127938642683082
2023-10-24,171.43087768554688,171.65820914819068,169.46392436745393,171.04539603931104,43816600,0.0025431909675850406,0.0025399625299666823,173.3568244934082,175.28591583251952,167.722001953125,0.008356122111261688,0.13264932618771855,1.3926597523484228,1.5752943919597586,-0.11593683094632722,-0.13127938642683082
2023-10-25,169.1179962158203,171.05528327402416,168.6731969171006,169.88895954662036,57157000,-0.01349162706831053,-0.013583466042369208,173.38993606567382,175.1603875732422,167.92711280822755,0.008683677600341782,0.13784910837579895,1.373870506336692,1.5752943919597586,-0.1278642815280282,-0.13127938642683082
2023-10-26,164.95675659179688,169.39475015606334,163.75088778515044,168.39644027726376,70625300,-0.024605540020194328,-0.024913315464158304,173.2021354675293,174.96902954101563,168.10856307983397,0.010295138806332428,0.16343026196667582,1.3400656806104598,1.5752943919597586,-0.1493236518519313,-0.1493236518519313
2023-10-27,166.2713623046875,167.00279566914165,164.89746448966903,164.97653958977486,58499100,0.00796939598020674,0.007937808057521131,173.0543685913086,174.85476837158203,168.28300407409668,0.010456446623392951,0.1659909441775129,1.3507451946587299,1.5752943919597586,-0.1425442751825431,-0.1493236518519313
2023-10-30,168.31736755371094,169.18717852998205,166.91381853056686,167.06208999172168,51131000,0.012305217330656149,0.012230123546515724,172.88337249755858,174.77174072265626,168.46806884765624,0.010270595093708711,0.16304064260756027,1.367366407837345,1.5752943919597586,-0.13199309613724894,-0.1493236518519313
2023-10-31,168.79185485839844,168.92033872091713,165.95508983700142,167.38830552985596,44846000,0.0028190038353355096,0.0028150378956082723,172.80281829833984,174.67151550292968,168.64886276245116,0.010173267168816055,0.1614956096982326,1.3712210189853475,1.5752943919597586,-0.1295461813461621,-0.1493236518519313
2023-11-01,171.9547576904297,172.2117404582064,168.14934950515965,169.01916053768616,56934900,0.018738480210935826,0.018565077740595567,172.81813888549806,174.60707092285156,168.83966423034667,0.010923949728161466,0.17341232589172126,1.3969156169144237,1.5752943919597586,-0.11323519969078369,-0.1493236518519313
2023-11-02,175.5130615234375,175.7206204672586,173.42750286114074,173.4868054165182,77334800,0.020693256068051502,0.020482059241827538,172.9495979309082,174.53689392089845,169.05184951782226,0.01176675139408285,0.18679138756719482,1.425822349480694,1.5752943919597586,-0.09488514860585046,-0.1493236518519313
2023-11-03,174.6037139892578,174.77175801380423,171.34195262679097,172.2216424329047,79829200,-0.005181081831099221,-0.005194550176109099,172.90808486938477,174.5422314453125,169.2591929626465,0.01136198531781507,0.1803659253054351,1.4184350472114244,1.5752943919597586,-0.09957462271746677,-0.1493236518519313
2023-11-06,177.15379333496094,177.35147351618673,174.1687879097799,174.33681681792336,63841300,0.014604954771237022,0.014499329611066418,172.91994400024413,174.55448669433594,169.4664919281006,0.011686588556564004,0.18551884197240995,1.4391512269218847,1.5752943919597586,-0.08642395080738138,-0.1493236518519313
2023-11-07,179.71383666992188,180.32664987384885,176.89684453064555,177.10440348202485,70530000,0.014450965383058012,0.014347545338444755,173.08945693969727,174.58670959472656,169.67064674377443,0.01207869152449066,0.19174328362119555,1.4599483514831184,1.5752943919597586,-0.07322189494570787,-0.1493236518519313
2023-11-08,180.7714385986328,181.32494925868284,179.48649451949703,180.23770048559436,49340300,0.005884922097865175,0.0058676735815168714,173.24216842651367,174.56239501953124,169.87310165405273,0.01202647491590784,0.19091437065749148,1.4685400337985033,1.5752943919597586,-0.06776787799545624,-0.1493236518519313
2023-11-09,180.29698181152344,181.98716487212562,179.7039261272927,180.84061367506283,53763500,-0.0026246225110970745,-0.0026280728713443838,173.3261833190918,174.45880889892578,170.07648132324218,0.01201000345033126,0.19065289424762513,1.4646856705673486,1.5752943919597586,-0.0702146354084371,-0.1493236518519313
2023-11-10,184.4834747314453,184.65174012268164,181.64298820237886,182.07846664625706,66133400,0.02321998337331177,0.022954501362806634,173.71144485473633,174.43460388183593,170.29045921325684,0.012735481857254075,0.20216950692521565,1.4986956474850504,1.5752943919597586,-0.04862503470187241,-0.1493236518519313
2023-11-13,182.8999481201172,184.11729742228064,182.31601793716675,183.9094650326421,43627500,-0.008583568873218983,-0.008620619872745879,174.02395629882812,174.3472964477539,170.4868250274658,0.0129502785108894,0.20557929809302333,1.4858314901748688,1.5752943919597586,-0.05679122724076527,-0.1493236518519313
2023-11-14,185.51278686523438,186.17589626502485,184.38450869065176,185.7701081675421,60108400,0.014285617748788226,0.014184539814700858,174.54469985961913,174.3075015258789,170.71067375183105,0.012983438109994121,0.20610569040985752,1.5070575108826194,1.5752943919597586,-0.04331690725582316,-0.1493236518519313
2023-11-15,186.07691955566406,187.55160515956638,185.84928859059917,185.91857611582427,53790500,0.003040936961609564,0.003036322664964097,175.15839004516602,174.4132159423828,170.93099494934083,0.012752483313214876,0.20243939667160543,1.5116403777707337,1.5752943919597586,-0.04040769427855045,-0.1493236518519313
2023-11-16,187.75946044921875,188.99660829200764,186.7103463929358,187.62090049490251,54412900,0.009042179425435837,0.009001543694408472,175.8749885559082,174.6583416748047,171.1541188812256,0.012737006507045725,0.2021937099903267,1.5253089012932703,1.5752943919597586,-0.03173088847494936,-0.1493236518519313
2023-11-17,187.7396697998047,188.42257785422723,186.63119011836693,188.29390964052354,50922700,-0.00010540427292826671,-0.00010540982834902263,176.71810302734374,174.89081512451173,171.35061920166015,0.012002496780139224,0.19053372955261128,1.5251481272175385,1.5752943919597586,-0.031832948176648605,-0.1493236518519313
2023-11-20,189.4815673828125,189.93684445013852,187.92771748948175,187.93760923589429,46505100,0.009278260608774236,0.009235481952905293,177.6423812866211,175.13480010986328,171.53771926879884,0.012001992460034628,0.1905257237191437,1.5392988490088468,1.5752943919597586,-0.022850041957002853,-0.1493236518519313
2023-11-21,188.67990112304688,189.55085808280586,187.78916067013205,189.44198846283598,38134500,-0.004230840344200848,-0.0042398156736127585,178.50483245849608,175.42324279785157,171.7344425201416,0.012175664063638857,0.19328267495672719,1.5327863213366784,1.5752943919597586,-0.026984207421825283,-0.1493236518519313
2023-11-22,189.34300231933594,190.9463411053134,188.8679417719912,189.52115946327928,39617700,0.00351442412436187,0.0035082629669593263,179.51608276367188,175.76626342773437,171.9201117706299,0.011394202503158169,0.180877357267597,1.5381731825618759,1.5752943919597586,-0.02356461724700347,-0.1493236518519313
2023-11-24,188.01678466796875,188.93721542830764,187.30418629136327,188.9075250877743,24048300,-0.007004312993466044,-0.007028958343643809,180.66908416748046,176.05251403808595,172.1125845336914,0.009440404881359695,0.14986178155102783,1.5273993361530567,1.5752943919597586,-0.03040387628570028,-0.1493236518519313
2023-11-27,187.83863830566406,188.70959528304604,186.95778958150402,187.96730652329646,40552600,-0.0009475024403767796,-0.0009479516045592259,181.7474479675293,176.34963287353514,172.30933364868164,0.009582117796191872,0.15211140433229994,1.5259521215546217,1.5752943919597586,-0.03132257097909951,-0.1493236518519313
2023-11-28,188.44235229492188,189.1153685705385,187.45263402635211,187.82873180101734,38415400,0.0032140032248073602,0.0032088493565230456,182.75369720458986,176.60031127929688,172.5072777557373,0.0094904553984617,0.1506563088784804,1.5308565365942,1.5752943919597586,-0.028209238598428176,-0.1493236518519313
2023-11-29,187.42295837402344,190.11499348364924,187.02707707633283,188.93722623545,43014200,-0.005409579685691002,-0.005424264444737985,183.68525238037108,176.80885650634767,172.68612762451173,0.00979563141744926,0.15550082799253126,1.5225752461721327,1.5752943919597586,-0.03346621816004831,-0.1493236518519313
2023-11-30,187.9969940185547,188.36320007044645,186.2550951920731,187.88812439803064,48794400,0.003062781899887179,0.003058101138403024,184.48736419677735,177.0996536254883,172.87105117797853,0.009276663112616408,0.14726246155505635,1.527238562077325,1.5752943919597586,-0.030505935987399375,-0.1493236518519313
2023-12-01,189.27374267578125,189.5904446947665,187.28439912721964,188.37309535289532,45704800,0.006791324850122571,0.006768367684613137,185.17539825439454,177.4468243408203,173.05186058044433,0.008487526582431779,0.13473530749898666,1.537610535276026,1.5752943919597586,-0.02392178685842435,-0.1493236518519313
2023-12-04,187.4823455810547,188.0959812462982,185.5227074160739,188.0266937107449,43389500,-0.00946458325070032,-0.009509657047341207,185.81932983398437,177.7411666870117,173.23169746398926,0.008775641947478284,0.13930899712784453,1.5230576923577523,1.5752943919597586,-0.03315996036589755,-0.1493236518519313
2023-12-05,191.4313201904297,192.40123993854135,188.22462732075607,188.25433276481266,66628400,0.021063181160530853,0.02084441891390401,186.5332061767578,178.0889862060547,173.43699630737305,0.009304727985429345,0.14770797759929447,1.5551381324498237,1.5752943919597586,-0.012795233457829663,-0.1493236518519313
2023-12-06,190.34262084960938,192.7575206909756,190.1347733725338,192.45071045016567,41089700,-0.005687153699495462,-0.0057033871353845125,187.06464538574218,178.4964779663086,173.6569110107422,0.009194556987333973,0.1459590672233817,1.5462938228666352,1.5752943919597586,-0.01840961869802953,-0.1493236518519313
2023-12-07,192.2725830078125,192.99507315570867,191.59956669458757,191.63916388460834,47477700,0.010139411496955297,0.010088352512844834,187.63970260620118,178.97281433105468,173.88435623168945,0.009315259969689795,0.14787516766628564,1.5619723322318801,1.5752943919597586,-0.008456869900555573,-0.1493236518519313
2023-12-08,193.69778442382812,193.9749043529612,191.67875053796885,192.20330005396386,53406400,0.007412400633103777,0.007385063796140645,188.30974273681642,179.4725146484375,174.11651245117187,0.009259131948729207,0.146984162956022,1.5735502969362063,1.5752943919597586,-0.0011071549752567653,-0.1493236518519313
2023-12-11,191.1937713623047,191.5005967167582,189.4518726145205,191.12449893522992,60943700,-0.01292742231911348,-0.013011708634199948,188.64525756835937,179.91185607910157,174.3494066619873,0.008748118846901583,0.1388720814512323,1.5532083477073455,1.5752943919597586,-0.014020264634432414,-0.1493236518519313
2023-12-12,192.70806884765625,192.71796059458774,189.7488055095461,191.09482308550778,52696900,0.007920223941197513,0.007889023601732431,189.13566360473632,180.33127166748048,174.5839087677002,0.00848925923667345,0.13476281253237582,1.565510105648525,1.5752943919597586,-0.0062110843288544935,-0.1493236518519313
2023-12-13,195.92465209960938,195.96423418895137,192.8466274130704,193.08415015292962,70404200,0.01669148194565717,0.01655371012446688,189.65625686645507,180.84170593261717,174.83700714111328,0.008677775699847609,0.13775541860997756,1.5916407893127011,1.5916407893127011,0.0,-0.1493236518519313
2023-12-14,196.0730743408203,197.5675433947849,194.1431268600313,195.98400332676113,66831600,0.0007575475552483724,0.000757260760930224,190.15606460571288,181.33020050048827,175.10119789123536,0.00868903265876847,0.13793411729291835,1.5928465329014785,1.5928465329014785,0.0,-0.1493236518519313
2023-12-15,195.5386505126953,196.36010340669733,194.97450383643803,195.4990533238864,128538400,-0.0027256359901617344,-0.002729357299431607,190.5450241088867,181.7832958984375,175.35975936889648,0.008632039020183672,0.13702937132886991,1.588505013064598,1.5928465329014785,-0.002725635990161718,-0.1493236518519313
2023-12-18,193.8759307861328,194.6083278162061,192.39135323196817,194.07387143964067,55751900,-0.008503279132810349,-0.008539638272142972,190.85183715820312,182.15213500976563,175.5847727203369,0.008941968727197422,0.1419493529008869,1.574997511534641,1.5928465329014785,-0.011205738279333292,-0.1493236518519313
2023-12-19,194.9151153564453,194.92500710230044,193.87590816937887,194.14313632648785,40714100,0.005360049419743884,0.00534573548101716,191.12351455688477,182.51210510253907,175.80118186950685,0.008807897539165992,0.13982103877182603,1.5834395760324405,1.5928465329014785,-0.005905752170551307,-0.1493236518519313
2023-12-20,192.82684326171875,195.64753172216422,192.82684326171875,194.87555255598716,52242800,-0.010713751424088924,-0.010771556905323732,191.33086166381835,182.84217041015626,176.01814056396483,0.009141008840938977,0.1451090167522039,1.566474998019764,1.5928465329014785,-0.0165562308339127,-0.1493236518519313
2023-12-21,192.6783447265625,195.0536776254948,191.51048442189503,194.08375795359612,46482500,-0.0007701133962697559,-0.0007704100859242108,191.49762878417968,183.1413931274414,176.2280973815918,0.00913231894974529,0.14497106900609164,1.5652686346388673,1.5928465329014785,-0.01731359405502558,-0.1493236518519313
2023-12-22,191.60946655273438,193.40085423729087,190.98593919883143,193.17320815773428,37149600,-0.0055474743430301565,-0.005562918723509968,191.67726287841796,183.40124877929688,176.44394706726075,0.009071452151435571,0.1440048385375222,1.5565853470482585,1.5928465329014785,-0.02276502167924979,-0.1493236518519313
2023-12-26,191.06512451171875,191.89648427525853,190.84738527337694,191.6193643540786,28919300,-0.0028408932544353727,-0.00284493625063953,191.8385871887207,183.68698638916015,176.66737564086915,0.009102516419339587,0.14449796850272806,1.552163254235876,1.5928465329014785,-0.025541241937159526,-0.1493236518519313
2023-12-27,191.1641082763672,191.51051576683653,189.1252907315366,190.51090559150927,48087700,0.0005180629636172274,0.0005179288153295981,191.97467498779298,183.97727416992188,176.8815898132324,0.009086254253298807,0.1442398146199892,1.5529673725313833,1.5928465329014785,-0.025036410945034733,-0.1493236518519313
2023-12-28,191.58969116210938,192.65858885458314,191.18390299052217,192.14393105407996,34049900,0.0022262698242858647,0.002223795357493902,192.18301162719726,184.30710968017578,177.08748336791993,0.008973256457111436,0.14244603021552832,1.5564246969309503,1.5928465329014785,-0.022865878926944277,-0.1493236518519313
2023-12-29,190.5504608154297,192.40122918172025,189.758683164504,191.9063700376295,42672100,-0.005424249814152904,-0.005439014472844968,192.31068496704103,184.64205657958985,177.2862092590332,0.009077520559777775,0.14410117153348695,1.5479822605578797,1.5928465329014785,-0.028166098501577218,-0.1493236518519313
