,date,close,high,low,open,volume,daily_return,log_return,sma_20,sma_50,sma_200,volatility_20,volatility_annual,cumulative_return,rolling_max,drawdown,max_drawdown
0,2023-01-03,123.09603118896484,128.83401111884518,122.21023430585915,128.2238013285794,112117500,,,,,,,,,,,
1,2023-01-04,124.36565399169922,126.62935597280962,123.10585750129947,124.88728777203856,89113600,0.01031408397550515,0.010261256743876564,,,,,,1.0103140839755052,1.0103140839755052,0.0,0.0
2,2023-01-05,123.04680633544922,125.75340309203497,122.79091532129203,125.12350481122068,80962700,-0.010604597120825843,-0.01066122657169625,,,,,,0.9996001101494487,1.0103140839755052,-0.010604597120825836,-0.010604597120825836
3,2023-01-06,127.57422637939453,128.23365008945973,122.91888331158243,124.02120925912487,87754700,0.0367942913658621,0.03613354058785056,,,,,,1.0363796878516354,1.0363796878516354,0.0,-0.010604597120825836
4,2023-01-09,128.09585571289062,131.30441322455866,127.83996466106093,128.4108124086458,70790800,0.004088830074068461,0.004080493525142925,,,,,,1.0406172682874768,1.0406172682874768,0.0,-0.010604597120825836
5,2023-01-10,128.66668701171875,129.18832083166095,126.09787998496417,128.20410381019116,63896200,0.004456282333657802,0.004446382507589768,,,,,,1.0452545526362456,1.0452545526362456,0.0,-0.010604597120825836
6,2023-01-11,131.3831329345703,131.4028064616691,128.40095662151043,129.1784814447806,69458900,0.021112270673481648,0.02089249461956012,,,,,,1.067322249674191,1.067322249674191,0.0,-0.010604597120825836
7,2023-01-12,131.30441284179688,132.14098840377943,129.36550386584642,131.76699610111268,71379600,-0.0005991643753284759,-0.0005993439460346365,,,,,,1.0666827482051908,1.067322249674191,-0.0005991643753284183,-0.010604597120825836
8,2023-01-13,132.63307189941406,132.7905502170586,129.58200833933589,129.94616380817476,57809700,0.010118921587334961,0.010068068067746412,,,,,,1.077476427292842,1.077476427292842,0.0,-0.010604597120825836
9,2023-01-17,133.79449462890625,135.12317889828967,132.0130638191195,132.70201288672166,63646600,0.008756660106409742,0.00871854291619618,,,,,,1.0869115221393142,1.0869115221393142,0.0,-0.010604597120825836
10,2023-01-18,133.07598876953125,136.42232060237055,132.8988218980733,134.6605787592018,69672800,-0.005370219913516272,-0.005384691377691978,,,,,,1.0810745682388914,1.0869115221393142,-0.00537021991351627,-0.010604597120825836
11,2023-01-19,133.13502502441406,134.09955338686564,131.65869966602656,131.96380450388668,58280400,0.00044362815131937516,0.00044352977744425856,,,,,,1.0815541633510375,1.0869115221393142,-0.004928974142929386,-0.010604597120825836
12,2023-01-20,135.69400024414062,135.84164181281548,132.10161400912494,133.14488168206822,80223600,0.01922090163168777,0.019038513505862532,,,,,,1.1023426095341502,1.1023426095341502,0.0,-0.010604597120825836
13,2023-01-23,138.8828582763672,141.0579844042408,135.72351517113088,135.94004410758743,81760300,0.023500361301820094,0.023228479125319845,,,,,,1.128248059136594,1.128248059136594,0.0,-0.010604597120825836
14,2023-01-24,140.2804718017578,140.90053342355856,138.0856717213938,138.0955084866108,66435100,0.010063254333443128,0.010012956945027443,,,,,,1.1396019063068992,1.1396019063068992,0.0,-0.010604597120825836
15,2023-01-25,139.62103271484375,140.18202862963406,136.61916767862735,138.6663409653264,65799300,-0.004700861627026542,-0.004711945426290688,,,,,,1.1342447954354549,1.1396019063068992,-0.004700861627026458,-0.010604597120825836
16,2023-01-26,141.68789672851562,141.9733130723702,139.66039693887691,140.91035682918778,54105100,0.014803385804294633,0.014694885162625551,,,,,,1.1510354587387992,1.1510354587387992,0.0,-0.010604597120825836
17,2023-01-27,143.62677001953125,144.9062550377642,140.82176076743906,140.90049992434123,70555800,0.013684113716012414,0.013591331700119932,,,,,,1.1667863588473435,1.1667863588473435,0.0,-0.010604597120825836
18,2023-01-30,140.7430419921875,143.2527985417942,140.59541543784155,142.6721140707524,64015300,-0.020077928557131863,-0.020282229415166483,,,,,,1.1433597056929705,1.1667863588473435,-0.02007792855713186,-0.02007792855713186
19,2023-01-31,142.01266479492188,142.06187864867766,140.03439402480078,140.4477633640219,65874500,0.009020856624690987,0.008980411747224724,133.6360061645508,,,,,1.1536737896684757,1.1667863588473435,-0.011238192047275563,-0.02007792855713186
20,2023-02-01,143.13467407226562,144.29605796571016,139.08955653554688,141.69772563249788,77663600,0.007900769124810303,0.007869721474753165,134.63793830871583,,,0.012757881802307918,0.20252509502917956,1.1627886999259913,1.1667863588473435,-0.0034262132832110098,-0.02007792855713186
21,2023-02-02,148.43963623046875,148.79393998354684,145.83145179927072,146.54992610628193,118339000,0.03706273265082349,0.03639242177720151,135.8416374206543,,,0.014354428570093149,0.2278694892534418,1.205884826640747,1.205884826640747,0.0,-0.02007792855713186
22,2023-02-03,152.06153869628906,154.8960886893848,145.496812581912,145.6936529941079,154357300,0.02439983388396949,0.024106913183877428,137.2923740386963,,,0.013969197984783816,0.22175414329657572,1.2353082160939806,1.2353082160939806,0.0,-0.02007792855713186
23,2023-02-06,149.33523559570312,150.68362304726807,148.40023248441526,150.16198925829823,69858300,-0.017928945898878168,-0.018091616726823776,138.38042449951172,,,0.013955416765609518,0.22153537322438493,1.213160441919192,1.2353082160939806,-0.017928945898878133,-0.02007792855713186
24,2023-02-07,152.20913696289062,152.77998456473935,148.26243261630023,148.26243261630023,83322600,0.01924463008159738,0.019061794203565317,139.58608856201172,,,0.014142221583027779,0.22450080776797018,1.236507265853554,1.236507265853554,0.0,-0.02007792855713186
25,2023-02-08,149.52224731445312,152.14026818212696,148.78408455222657,151.45131927430748,64120100,-0.017652617326728404,-0.01781028300606509,140.62886657714844,,,0.01531169949397874,0.24306569406492767,1.214679676267722,1.236507265853554,-0.017652617326728372,-0.02007792855713186
26,2023-02-09,148.4888153076172,151.89421276586904,148.04592065726195,151.35289040745275,56007100,-0.006911560155075658,-0.006935555614923692,141.4841506958008,,,0.015297164288143126,0.24283495482555068,1.2062843446160498,1.236507265853554,-0.02444217035525589,-0.02444217035525589
27,2023-02-10,148.85353088378906,149.17882019931434,147.08909918660703,147.32567733632254,57450700,0.002456182140158525,0.0024531706549684664,142.3616065979004,,,0.015240326019390545,0.24193267528112597,1.2092471986792486,1.236507265853554,-0.022046022637390684,-0.02444217035525589
28,2023-02-13,151.65298461914062,152.0571182724141,148.7648180243575,148.79438841262413,62199000,0.01880676742251497,0.018632106643815285,143.3126022338867,,,0.015473878072906613,0.24564019919187777,1.231989229501137,1.236507265853554,-0.0036538696352085916,-0.02444217035525589
29,2023-02-14,151.01226806640625,151.5741355635304,148.7056873791277,149.9476888936107,61707600,-0.004224885875760753,-0.004233835923608195,144.17349090576172,,,0.01566022098881772,0.24859830127635424,1.2267842156063282,1.236507265853554,-0.007863318328755711,-0.02444217035525589
30,2023-02-15,153.11183166503906,153.27940219693946,150.6968215839401,150.92353288699502,65573800,0.013903265115583485,0.013807501323892949,145.1752830505371,,,0.015503828380781254,0.24611564558983448,1.2438405217955162,1.2438405217955162,0.0,-0.02444217035525589
31,2023-02-16,151.51498413085938,154.09756497312395,151.16012443154224,151.3178281549916,68167900,-0.010429288950530524,-0.010484055098652814,146.0942810058594,,,0.01593599905121288,0.2529761422972233,1.2308681495853322,1.2438405217955162,-0.010429288950530437,-0.02444217035525589
32,2023-02-17,150.3715362548828,150.8151070910907,148.69581585093724,150.17439533222245,59144100,-0.007546764318629995,-0.0075753852322557585,146.8281578063965,,,0.015944906737848784,0.2531175474387963,1.2215790777531035,1.2438405217955162,-0.01789734588343989,-0.02444217035525589
33,2023-02-21,146.3596954345703,149.13943294111823,146.29070285864162,148.05513496887053,58867200,-0.026679522735688188,-0.027041880765240146,147.20199966430664,,,0.016847539060627335,0.26744639134720005,1.1889879309747486,1.2438405217955162,-0.04409937597272229,-0.04409937597272229
34,2023-02-22,146.7835235595703,147.80866542554767,145.0585140913541,146.74408634882758,51011300,0.0028957980798032246,0.0028916133333842854,147.52715225219725,,,0.01676000793233136,0.2660568777625118,1.1924309999421745,1.2438405217955162,-0.04133128078118142,-0.04409937597272229
35,2023-02-23,147.2665252685547,148.1931042440918,145.1373820304515,147.94667430552937,48394200,0.00329057170226843,0.003285169618589748,147.9094268798828,,,0.0166768298745068,0.264736467029265,1.1963547796474918,1.2438405217955162,-0.0381767126218701,-0.04409937597272229
36,2023-02-24,144.61495971679688,145.0881010134071,143.6390916917033,145.00924162382364,55469600,-0.01800521569258473,-0.018169281937687277,148.05578002929687,,,0.01704364214488198,0.27055943130082327,1.174814153795084,1.2438405217955162,-0.05549454836926425,-0.05549454836926425
37,2023-02-27,145.80764770507812,147.03979725813033,145.34435826985944,145.60065500306268,44998500,0.008247334788993532,0.008213511364914402,148.16482391357422,,,0.016875913628237767,0.2678968236439372,1.1845032394362802,1.2438405217955162,-0.04770489569963604,-0.05549454836926425
38,2023-02-28,145.30494689941406,146.95109701970668,144.7332276594082,144.95008720013072,50547000,-0.0034476984820498435,-0.0034536554903815304,148.39291915893554,,,0.016183995785324146,0.25691296840371103,1.1804194294156927,1.2438405217955162,-0.050988122085195875,-0.05549454836926425
39,2023-03-01,143.2349395751953,145.1275197577975,142.93922063146897,144.73323786008925,55479000,-0.014245952174303467,-0.014348399891774898,148.45403289794922,,,0.01646537002419174,0.2613796459720134,1.1636032306786182,1.2438405217955162,-0.06450769991081608,-0.06450769991081608
40,2023-03-02,143.82640075683594,144.61497972086136,141.84509404159934,142.31825044455022,52238100,0.004129307998417042,0.004120805803561956,148.48861923217774,,,0.016398294699337772,0.2603148581999786,1.1684081068060432,1.2438405217955162,-0.06064476407360028,-0.06450769991081608
41,2023-03-03,148.8732452392578,148.95210462024477,145.2260853537234,145.9259379185379,70732300,0.03508983368744989,0.03448821878407692,148.5102996826172,,,0.016170287582238037,0.25669535742598654,1.2094073529529354,1.2438405217955162,-0.027682945071507693,-0.06450769991081608
42,2023-03-06,151.63330078125,154.06803024605406,151.26858921507775,151.59386356059247,87558000,0.018539634422265916,0.018369870431516763,148.48888778686523,,,0.015757862097666272,0.2501483058268534,1.2318293231442832,1.2438405217955162,-0.009656542330599212,-0.06450769991081608
43,2023-03-07,149.4351348876953,151.83042689733767,148.97184535612897,151.50513754277677,56182000,-0.014496590671239318,-0.014602692903960409,148.49388275146484,,,0.015570164025068169,0.247168691296889,1.2139719976698307,1.2438405217955162,-0.02401314606037238,-0.06450769991081608
44,2023-03-08,150.68698120117188,151.278419098267,149.66183922588297,150.62784041964048,47204800,0.008377188633833299,0.008342294728908047,148.41777496337892,,,0.015049579217160207,0.2389046636686322,1.2241416700905023,1.2438405217955162,-0.015837120080778554,-0.06450769991081608
45,2023-03-09,148.4395294189453,152.33311931510104,148.08466971716794,151.36711819838627,53833600,-0.014914704404530799,-0.015027047045969893,148.3636390686035,,,0.014896007347104378,0.2364667858093751,1.2058839589318338,1.2438405217955162,-0.030515618520685548,-0.06450769991081608
46,2023-03-10,146.37939453125,148.78455331931613,145.50210448552664,148.0649820559655,68572400,-0.013878613707275611,-0.013975822126545625,148.25816802978517,,,0.015139264977650103,0.240328380979032,1.1891479612900187,1.2438405217955162,-0.04397071774647396,-0.06450769991081608
47,2023-03-13,148.32127380371094,150.95314411845015,145.59082548311505,145.69925527320058,84457100,0.013266069850059292,0.013178846109433177,148.23155517578124,,,0.015444260815357628,0.2451700398039356,1.2049232812065476,1.2438405217955162,-0.03128796650939669,-0.06450769991081608
48,2023-03-14,150.41098022460938,151.209410853691,147.95654755608294,149.11968969699433,73695900,0.014089053898390658,0.013990725670045567,148.1694549560547,,,0.015174508359894406,0.2408878523277073,1.2218995102588923,1.2438405217955162,-0.017639730457527984,-0.06450769991081608
49,2023-03-15,150.8052520751953,151.0615337650689,147.77908558210245,149.03095372752588,77167900,0.0026212969957191135,0.002617867388787427,148.15910415649415,142.61224548339842,,0.015158569407422757,0.24063482930131413,1.2251024717742045,1.2438405217955162,-0.015064672434262568,-0.06450769991081608
50,2023-03-16,153.6244354248047,154.22572509887632,149.47454848721353,149.98712698991974,76161100,0.01869419871533151,0.018521609805611208,148.18473434448242,143.22281356811524,,0.015424691865081086,0.24485939234883367,1.2480047808281953,1.2480047808281953,0.0,-0.06450769991081608
51,2023-03-17,152.7865447998047,154.50170239485772,152.07682545294745,153.85112382009055,98944600,-0.00545414941759137,-0.005469077595611489,148.2483123779297,143.79123138427735,,0.015282355294592268,0.2425998693409343,1.24119797627969,1.2480047808281953,-0.005454149417591285,-0.06450769991081608
52,2023-03-20,155.15228271484375,155.5662982460434,151.94869352566715,152.85556893212473,73641400,0.01548394145661769,0.015365288478130963,148.48734970092772,144.43334091186523,,0.015507874854881707,0.24617988137477326,1.2604166130804773,1.2604166130804773,0.0,-0.06450769991081608
53,2023-03-21,157.00546264648438,157.1237442200261,154.3045847371103,155.0734600878072,73938300,0.0119442646876593,0.011873494929313293,149.01963806152344,145.02196563720702,,0.014134476948247626,0.22437786550223035,1.2754713627238334,1.2754713627238334,0.0,-0.06450769991081608
54,2023-03-22,155.57615661621094,159.82460651427928,155.5564380089166,157.0251659140942,75701800,-0.009103543317417473,-0.009145233781399534,149.45926971435546,145.57157165527343,,0.01441826492548805,0.22888285997931967,1.2638600539231515,1.2754713627238334,-0.009103543317417504,-0.06450769991081608
55,2023-03-23,156.66041564941406,159.2430113419942,155.4282660956086,156.5618527096425,67622100,0.006969313658248266,0.006945140241575046,149.92896423339843,146.13144622802736,,0.01444545465545572,0.22931448356157638,1.2726682910590725,1.2754713627238334,-0.0021976751079497404,-0.06450769991081608
56,2023-03-24,157.96160888671875,158.0503200650471,155.5958872192805,156.5914588714899,59196500,0.008305820151891963,0.008271516642654322,150.59629669189454,146.66301574707032,,0.01358558983413351,0.21566455269146703,1.2832388449976249,1.2832388449976249,0.0,-0.06450769991081608
57,2023-03-27,156.0197296142578,158.47417734472043,155.61558088418133,157.6560281012329,52390300,-0.012293362204569225,-0.012369550633585077,151.1069007873535,147.15732208251953,,0.014056500554830374,0.22314002863153565,1.267463525081096,1.2832388449976249,-0.012293362204569265,-0.06450769991081608
58,2023-03-28,155.398681640625,156.2266974968931,153.75253179068108,155.71411911746748,45992200,-0.003980573323439818,-0.003988516892411366,151.61158752441406,147.61263427734374,,0.01407082818880015,0.22336747276969557,1.2624182935847252,1.2832388449976249,-0.016225000898362114,-0.06450769991081608
59,2023-03-29,158.4741668701172,158.75016719414856,157.074446643704,157.09415020907082,51305700,0.019790935141937416,0.019597640740751078,152.37354888916016,148.10622772216797,,0.013873953372226834,0.22024218194530887,1.2874027321550559,1.2874027321550559,0.0,-0.06450769991081608
60,2023-03-30,160.04144287109375,160.14987263415844,158.96701206310877,159.2232937572216,49501700,0.009889788549960254,0.009841204651556622,153.18430099487304,148.64553680419922,,0.013911196531102855,0.22083339876385538,1.3001348729547104,1.3001348729547104,0.0,-0.06450769991081608
61,2023-03-31,162.545166015625,162.64374399803975,159.59787385661696,160.1203040734608,68749800,0.015644217520257575,0.01552310822304877,153.8678970336914,149.23373962402343,,0.012318759897598222,0.1955542508985624,1.3204744657128864,1.3204744657128864,0.0,-0.06450769991081608
62,2023-04-03,163.7970428466797,163.91532439911353,161.87489241518372,161.92418140899423,56976200,0.007701716770428968,0.0076722099550746966,154.4760841369629,149.79580047607422,,0.011898702934920161,0.18888605334019865,1.3306443860503905,1.3306443860503905,0.0,-0.06450769991081608
63,2023-04-04,163.2647247314453,164.45743689721806,162.7521463827181,164.22087384464078,46278300,-0.003249864014533199,-0.0032551562918213587,155.16756362915038,150.2834378051758,,0.011228785788566604,0.17825144833058124,1.3263199727440247,1.3306443860503905,-0.0032498640145332044,-0.06450769991081608
64,2023-04-05,161.42144775390625,162.69303455117807,159.489445623491,162.38746386000238,51511700,-0.011290111691739102,-0.011354328805849474,155.70428695678712,150.70625732421874,,0.011721305600147808,0.18606995795387876,1.3113456721127603,1.3306443860503905,-0.01450328437856524,-0.06450769991081608
65,2023-04-06,162.30862426757812,162.60434321282244,159.686606015777,160.1104583059446,45390100,0.005496026246923691,0.005480978205777543,156.39774169921876,151.16000915527343,,0.010891722857519076,0.1729007401801996,1.3185528623454819,1.3306443860503905,-0.009086968563252728,-0.06450769991081608
66,2023-04-10,159.71615600585938,159.71615600585938,157.79400566862077,159.11486640899105,47716900,-0.01597246155844967,-0.016101396100402874,157.06457977294923,151.5205743408203,,0.011086329399611176,0.1759900232634911,1.2974923274388848,1.3306443860503905,-0.02491428886564308,-0.06450769991081608
67,2023-04-11,158.5037384033203,160.04145880285023,158.21787125365222,160.03160702009572,47644200,-0.007591076775567918,-0.007620035644624659,157.57370300292968,151.8181137084961,,0.011191649874226871,0.17766193396626964,1.287642963565586,1.3306443860503905,-0.03231623936162318,-0.06450769991081608
68,2023-04-12,157.813720703125,159.74572277857914,157.49828319805357,158.9177218890988,50133100,-0.004353321297946522,-0.00436282459173115,157.94384002685547,152.15952728271483,,0.011021743754309142,0.17496475792908825,1.282037440028145,1.3306443860503905,-0.03652887768648721,-0.06450769991081608
69,2023-04-13,163.19577026367188,163.43234843413578,159.11489082873655,159.3218986080038,68445600,0.03410381262521178,0.03353517010385413,158.5633659362793,152.58318939208985,,0.013098168331143396,0.20792697620800404,1.325759804661371,1.3306443860503905,-0.0036708390613046232,-0.06450769991081608
70,2023-04-14,162.8507537841797,163.9449032227771,161.48060404043056,162.23959735915352,49386500,-0.002114126358390034,-0.0021163642782395338,159.02468185424806,152.97751098632813,,0.012692771682256066,0.201491503916235,1.3229569809134423,1.3306443860503905,-0.005777204802077822,-0.06450769991081608
71,2023-04-17,162.8704833984375,163.02820218114718,161.6876226098968,162.73248322378927,41516200,0.00012115150712754819,0.00012114416887639603,159.52887878417968,153.2661279296875,,0.012557916555117048,0.19935074513964396,1.323117259145545,1.3306443860503905,-0.00565675321201899,-0.06450769991081608
72,2023-04-18,164.0927276611328,165.01930640497494,163.28443044513912,163.7280162563428,49923000,0.007504393903622786,0.007476376023853828,159.97590103149415,153.50675170898438,,0.012273145676750991,0.1948301475909039,1.3330464522388548,1.3330464522388548,0.0,-0.06450769991081608
73,2023-04-19,165.23622131347656,165.75865162452376,163.1760554202755,163.43235220441335,47720200,0.006968582146462676,0.006944413792376078,160.38743896484374,153.82477142333985,,0.01212924134697387,0.19254573717584977,1.3423358959463318,1.3423358959463318,0.0,-0.06450769991081608
74,2023-04-20,164.27020263671875,165.47278202514906,163.19577163848064,163.71820194187683,52456400,-0.005846288840781089,-0.005863445287761647,160.82214126586913,154.0659927368164,,0.011984440627168231,0.19024709701023657,1.334488212577281,1.3423358959463318,-0.005846288840781025,-0.06450769991081608
75,2023-04-21,162.66346740722656,164.0730393438838,162.14103717495192,162.69303779464673,58337300,-0.009781050998308283,-0.009829199698134039,161.12229385375977,154.32881713867187,,0.012259160074789792,0.19460813304255467,1.3214355153134214,1.3423358959463318,-0.015570156989786752,-0.06450769991081608
76,2023-04-24,162.96902465820312,163.23517316391397,161.5495860155954,162.64373538253156,41949600,0.001878462668028602,0.0018767005633844533,161.37266464233397,154.61842132568358,,0.012167755213377058,0.19315712585103215,1.3239177825971449,1.3423358959463318,-0.013720942280398756,-0.06450769991081608
77,2023-04-25,161.4313201904297,163.93504162144998,161.3918829793584,162.83104036567903,48714100,-0.009435562807094677,-0.00948035974205902,161.64324417114258,154.8699771118164,,0.012011401848184708,0.19067509312535003,1.31142587320802,1.3423358959463318,-0.023027040274834244,-0.06450769991081608
78,2023-04-26,161.42144775390625,162.91974586384254,160.47516529354857,160.73144699304368,45498800,-6.11556450866857e-05,-6.115751516939314e-05,161.94438247680665,155.0653463745117,,0.011944354493085788,0.18961074935941175,1.3113456721127605,1.3423358959463318,-0.02308678768641849,-0.06450769991081608
79,2023-04-27,166.00506591796875,166.1529178634098,162.83104713478986,162.83104713478986,64902300,0.02839534787874287,0.027999672749757377,162.32092742919923,155.36520233154297,,0.012747946102126607,0.20236737067849325,1.3485817886616862,1.3485817886616862,0.0,-0.06450769991081608
80,2023-04-28,167.25692749023438,167.424513091262,165.4826438930684,166.08393356927388,55275900,0.007541104636434648,0.007512812653044108,162.68170166015625,155.64810424804688,,0.012685990339178575,0.2013838534322067,1.358751585040774,1.358751585040774,0.0,-0.06450769991081608
81,2023-05-01,167.16824340820312,168.01596317037598,166.23181245997438,166.86267262897096,52472900,-0.0005302266600373251,-0.0005303672799019634,162.91285552978516,155.96116943359374,,0.012299045352605207,0.19524129219898853,1.3580311387260176,1.358751585040774,-0.0005302266600372874,-0.06450769991081608
82,2023-05-02,166.1332244873047,167.91739013162538,165.14750459229282,167.66109333275145,48425700,-0.006191480509674663,-0.006210727209964061,163.0296646118164,156.27640319824218,,0.0123211314824162,0.19559189864041118,1.3496229153990642,1.358751585040774,-0.006718424281680561,-0.06450769991081608
83,2023-05-03,165.0587615966797,168.47921017635485,164.77290950021637,167.07949000013943,65136000,-0.006467477495491036,-0.00648848224219921,163.11936645507814,156.65038452148437,,0.012397285969933709,0.1968008136515686,1.3408942595663218,1.358751585040774,-0.013142450519324634,-0.06450769991081608
84,2023-05-04,163.42245483398438,164.65460440159984,161.96359395737636,162.53531316165655,81235400,-0.009913480186490298,-0.009962945921092918,163.21941680908202,156.98316314697266,,0.012331332540727599,0.19575383542082098,1.3276013308919326,1.358751585040774,-0.02292564328298963,-0.06450769991081608
85,2023-05-05,171.0913848876953,171.8109560965244,168.32149974515366,168.5383592942621,113453200,0.04692702763216694,0.04585923283308447,163.6585548400879,157.45966033935548,,0.016089084599685045,0.25540630004067494,1.3899017152311999,1.3899017152311999,0.0,-0.06450769991081608
86,2023-05-08,171.02236938476562,171.3673772990156,169.65221959190652,170.01693107088172,55962800,-0.00040338385813520894,-0.00040346523928967617,164.2238655090332,157.98780853271484,,0.01550097458376276,0.2460703429666153,1.3893410513148812,1.3899017152311999,-0.00040338385813520785,-0.06450769991081608
87,2023-05-09,169.31710815429688,171.06182151405454,169.14953757945023,170.5788283985824,45326900,-0.009970983542113454,-0.010021026729597256,164.76453399658203,158.45799774169922,,0.015599721749357958,0.24763790562363977,1.3754879545578378,1.3899017152311999,-0.010370345266438112,-0.06450769991081608
88,2023-05-10,171.08151245117188,171.54480192353225,169.44521410372417,170.5492304195713,53724500,0.010420708905960696,0.010366787594268326,165.42792358398438,158.97352905273436,,0.015562081433870043,0.24704038413933355,1.3898215141359402,1.3899017152311999,-5.77027097533257e-05,-0.06450769991081608
89,2023-05-11,171.268798828125,172.09679977091955,169.71135988855104,171.3673768150292,49514700,0.0010947201381947824,0.0010941213690542134,165.83157501220703,159.53420623779297,,0.013878216359554715,0.22030985477117962,1.3913429797359613,1.3913429797359613,0.0,-0.06450769991081608
90,2023-05-12,170.3409423828125,171.8116866019269,168.79121464447562,171.3773676163626,45533100,-0.005417545120075529,-0.005432273235209544,166.20608444213866,160.0644970703125,,0.013955549069612454,0.22153747348532027,1.3838053163657413,1.3913429797359613,-0.005417545120075594,-0.06450769991081608
91,2023-05-15,169.84738159179688,170.97265562623798,169.25512575822094,170.92329846315806,37266700,-0.0028974877331982007,-0.0029016935769987954,166.55492935180663,160.48397979736328,,0.013997089823870256,0.22219691251556142,1.3797957574364372,1.3913429797359613,-0.008299335582744264,-0.06450769991081608
92,2023-05-16,169.84738159179688,170.9035525855878,169.58086496051854,169.7684131432073,42110300,0.0,0.0,166.84266204833983,160.84826141357422,,0.01394764674150675,0.2214120279156435,1.3797957574364372,1.3913429797359613,-0.008299335582744264,-0.06450769991081608
93,2023-05-17,170.4593963623047,170.69628668546216,168.21871333171157,169.492059065459,57951600,0.0036033217867244005,0.0035968453758406824,167.10382080078125,161.2687466430664,,0.01390243425893381,0.22069430200538045,1.3847676055504379,1.3913429797359613,-0.00472591897274048,-0.06450769991081608
94,2023-05-18,172.78892517089844,172.97647339745131,170.35082834910114,170.76540150488879,65496700,0.013666180089259683,0.013573640009830398,167.52975692749024,161.71078552246092,,0.014032933933109467,0.22276592010964294,1.4036920890296631,1.4036920890296631,0.0,-0.06450769991081608
95,2023-05-19,172.8975067138672,174.11161490131875,172.68034719263906,174.11161490131875,55809500,0.000628405685499489,0.0006282083213255559,168.04145889282228,162.19994506835937,,0.013738621375313969,0.21809385309574167,1.4045741771191,1.4045741771191,0.0,-0.06450769991081608
96,2023-05-22,171.9499053955078,172.45332751081392,171.2095929310653,171.73274586766902,43570900,-0.005480711297517926,-0.005495785499142175,168.4905029296875,162.71135528564454,,0.013872181323588272,0.2202140515452564,1.3968761115583614,1.4045741771191,-0.005480711297517928,-0.06450769991081608
97,2023-05-23,169.34397888183594,171.1404774028389,169.0675968111729,170.89370662105455,50747300,-0.015155149447031668,-0.0152711623453525,168.88613586425782,163.13180938720703,,0.014192421621561296,0.22529770867456345,1.375706245328706,1.4045741771191,-0.020552799745759753,-0.06450769991081608
98,2023-05-24,169.620361328125,170.19287135053577,168.3174194294986,168.88004898113246,45143500,0.0016320771964495329,0.0016307468057987406,169.29608154296875,163.51599700927736,,0.014181452229555325,0.22512357497487517,1.37795150412072,1.4045741771191,-0.018954266305098534,-0.06450769991081608
99,2023-05-25,170.7555389404297,171.65377326209193,169.47232768730396,170.18302884098296,56058300,0.006692460760113095,0.006670165662033686,169.5336051940918,163.91500274658202,,0.012871488704217445,0.20432854868721825,1.3871733904913868,1.4045741771191,-0.012388656228469009,-0.06450769991081608
100,2023-05-26,173.16397094726562,173.4995906286618,170.87394612033412,171.0812401864408,54835000,0.014104561537392701,0.01400601773968263,169.82895736694337,164.30579345703126,,0.013115280243372662,0.20819861939329648,1.4067388629406061,1.4067388629406061,0.0,-0.06450769991081608
101,2023-05-30,175.0098876953125,176.6780610308142,174.28932103938652,174.6742829582179,55964400,0.010659935423916966,0.010603518889226437,170.22103958129884,164.7502603149414,,0.013247892122327397,0.21030376770893985,1.4217346083778675,1.4217346083778675,0.0,-0.06450769991081608
102,2023-05-31,174.96047973632812,177.03336027410137,174.47680359439627,175.0394481918492,99625300,-0.00028231524307009703,-0.00028235510152027377,170.66240234375,165.1464242553711,,0.013111943852535652,0.20814565583070901,1.421333231026322,1.4217346083778675,-0.0002823152430701484,-0.06450769991081608
103,2023-06-01,177.76380920410156,177.79342049505456,174.64462268903534,175.40468096744894,68901800,0.01602264392506325,0.015895636235749508,171.2976547241211,165.56159118652343,,0.013250532820623632,0.2103456874948162,1.4441067472859164,1.4441067472859164,0.0,-0.06450769991081608
104,2023-06-02,178.61270141601562,179.43198227661338,176.94452840385708,178.69166987914852,61996900,0.004775393910126047,0.004764027887089236,172.05716705322266,166.02232208251954,,0.012851706535786846,0.20401451649885252,1.4510029258524775,1.4510029258524775,0.0,-0.06450769991081608
105,2023-06-05,177.26040649414062,182.56103856696868,175.74028990045602,180.27101332814428,121946500,-0.0075711016694456346,-0.007599907948642618,172.36561813354493,166.43432189941407,,0.008393905993827859,0.1332491267287379,1.4400172351781853,1.4510029258524775,-0.007571101669445657,-0.06450769991081608
106,2023-06-06,176.8952178955078,177.79345231801273,175.1381956348758,177.64539583674735,64848400,-0.0020601814350734715,-0.0020623065280659116,172.65926055908204,166.81299407958986,,0.008424977022123407,0.13374236401183234,1.4370505384040853,1.4510029258524775,-0.009615685261416733,-0.06450769991081608
107,2023-06-07,175.5231475830078,178.86935913776645,175.02960596689772,176.135134367242,61944600,-0.00775640138169531,-0.007786638719661989,172.96956253051758,167.20306243896485,,0.008276434544954274,0.13138432528951824,1.4259041976224418,1.4510029258524775,-0.01729750352866445,-0.06450769991081608
108,2023-06-08,178.23764038085938,178.5041420299357,175.1678106866245,175.6021146908698,50214900,0.015465155651722906,0.01534678894515688,173.32736892700194,167.65984161376954,,0.008621554272238343,0.13686293111513473,1.4479560279831178,1.4510029258524775,-0.0020998564613986235,-0.06450769991081608
109,2023-06-09,178.62257385253906,179.8761586114367,178.29683460490384,179.15559212759166,48900000,0.0021596643158940942,0.0021573355931523027,173.69505767822267,168.06280975341798,,0.008618396561890583,0.1368128040173794,1.4510831269477367,1.4510831269477367,0.0,-0.06450769991081608
110,2023-06-12,181.416015625,181.51472997018058,178.63244881890137,178.92857679274874,54274900,0.015638794762676822,0.01551776897928217,174.24881134033203,168.4903012084961,,0.00892723297702216,0.14171543011881257,1.4737763181536556,1.4737763181536556,0.0,-0.06450769991081608
111,2023-06-13,180.9422149658203,181.7713612206094,180.08345742062403,180.4388079672042,54929100,-0.002611680438176278,-0.0026150968251689765,174.8035530090332,168.8582421875,,0.008917194789669765,0.1415560788347227,1.4699272853732863,1.4737763181536556,-0.002611680438176236,-0.06450769991081608
112,2023-06-14,181.57394409179688,182.00826309164242,179.668880824476,181.00143405215442,57462900,0.0034913307880966027,0.0034852502414504313,175.3898811340332,169.21378021240236,,0.008885234778117099,0.14104872937992008,1.4750592877609734,1.4750592877609734,0.0,-0.06450769991081608
113,2023-06-15,183.6073760986328,184.11079826742196,181.4061843544464,181.58386719687115,65433200,0.011198919630274196,0.011136676006279756,176.04728012084962,169.6206332397461,,0.00905592134791106,0.14375829467480103,1.4915783581744981,1.4915783581744981,0.0,-0.06450769991081608
114,2023-06-16,182.53143310546875,184.57470266619666,181.88983501651188,184.31805138125782,101256200,-0.005860020528729026,-0.005877257822612876,176.53440551757814,170.04283294677734,,0.008984104081278869,0.14261823091070586,1.4828376783753876,1.4915783581744981,-0.005860020528729049,-0.06450769991081608
115,2023-06-20,182.62025451660156,183.69618663444365,182.02801364300083,182.02801364300083,49799100,0.00048660885208451354,0.00048649049639077897,177.02054290771486,170.44906555175783,,0.008985950957817145,0.14264754916684094,1.4835592403158895,1.4915783581744981,-0.005376263214507233,-0.06450769991081608
116,2023-06-21,181.58384704589844,183.01511479137184,180.23153270863293,182.51169267844918,49515700,-0.005675205488276824,-0.0056913706563904804,177.5022399902344,170.8864193725586,,0.00899545868542195,0.1427984796634949,1.475139736773065,1.4915783581744981,-0.011020957304282646,-0.06450769991081608
117,2023-06-22,184.58457946777344,184.63393664574576,181.29759022920584,181.36669329070625,51245300,0.016525326843177313,0.01639026950944589,178.26427001953124,171.40803619384766,,0.008445813891388501,0.13407313905689197,1.4995169030625983,1.4995169030625983,0.0,-0.06450769991081608
118,2023-06-23,184.26870727539062,185.13734541827677,182.62027993546528,183.1533133637622,53117000,-0.0017112599183181088,-0.0017127257961428084,178.99668731689454,171.93713592529298,,0.00853509341011435,0.13549040747921273,1.4969508398895468,1.4995169030625983,-0.0017112599183181083,-0.06450769991081608
119,2023-06-26,182.8769073486328,185.6209974197008,182.83741558637178,184.4167547195407,48088700,-0.007553099749474823,-0.007581768859049028,179.60275573730468,172.33075866699218,,0.008901350869886457,0.14130456440548816,1.485644220875801,1.4995169030625983,-0.009251434350932593,-0.06450769991081608
120,2023-06-27,185.630859375,185.9565986299679,183.27173119056016,183.48889069387212,50730800,0.015059047455986851,0.014946785635145236,180.2261001586914,172.7863607788086,,0.008963695712791516,0.1422942581046132,1.5080166077006822,1.5080166077006822,0.0,-0.06450769991081608
121,2023-06-28,186.80548095703125,187.4470789620611,185.17679982937508,185.5025240055518,51216800,0.006327727975758313,0.006307791960679944,180.81587982177734,173.26506072998046,,0.008833476716811962,0.1402270956285827,1.517558926577138,1.517558926577138,0.0,-0.06450769991081608
122,2023-06-29,187.14108276367188,187.61489349976054,186.49948476837957,186.6376758009822,46347300,0.0017965308347553943,0.0017949190034163458,181.42490997314454,173.72602783203126,,0.00880123450601205,0.13971526639960977,1.5202852679822922,1.5202852679822922,0.0,-0.06450769991081608
123,2023-06-30,191.46453857421875,191.96794560784363,188.78953634841974,189.1547673916645,85213200,0.02310265467474437,0.022839828635725937,182.10994644165038,174.2505941772461,,0.009453557002468608,0.15007056500103097,1.5554078935355884,1.5554078935355884,0.0,-0.06450769991081608
124,2023-07-03,189.9740447998047,191.37570117698604,189.28307449044232,191.27698682945007,31458200,-0.00778469885605626,-0.007815157802991211,182.67801361083986,174.76467102050782,,0.00979371908337952,0.155470470630298,1.543299511486081,1.5554078935355884,-0.007784698856056259,-0.06450769991081608
125,2023-07-05,188.85862731933594,190.48730854754436,188.15779163185775,189.09553270560195,46920300,-0.005871420391370785,-0.005888724948207981,183.2579246520996,175.28857421875,,0.009702896218670227,0.15402870235002247,1.534238151264349,1.5554078935355884,-0.013610412007822939,-0.06450769991081608
126,2023-07-06,189.33242797851562,189.53972207962792,186.756140199604,187.3878728511301,45094300,0.0025087583548859538,0.002505616674026035,183.87978515625,175.81584228515624,,0.00962555318611764,0.15280091977135618,1.5380871840447183,1.5554078935355884,-0.011135798887774996,-0.06450769991081608
127,2023-07-07,188.2169952392578,190.18129599874976,187.78269133409245,188.93757673504143,46815000,-0.0058913982732233805,-0.005908821023304866,184.5144775390625,176.35155578613282,,0.009519758913967499,0.15112148776589,1.5290256998645704,1.5554078935355884,-0.01696159173465991,-0.06450769991081608
128,2023-07-10,186.1737823486328,187.5359621262765,184.6240543335807,186.81538047079187,59922200,-0.010855623786936497,-0.010914975998531397,184.91128463745116,176.84660247802734,,0.009603399704489065,0.15244924415297548,1.5124271721062834,1.5554078935355884,-0.02763308686289727,-0.06450769991081608
129,2023-07-11,185.65060424804688,186.85484691926047,184.18972537508213,186.71665587805697,46638100,-0.002810159916105781,-0.0028141158283850566,185.26268615722657,177.2395132446289,,0.009669225671866474,0.15349419898992073,1.508177009891201,1.5554078935355884,-0.030365593385942694,-0.06450769991081608
130,2023-07-12,187.3187713623047,189.22383458950753,186.0355602702456,187.22992243297554,60750200,0.008985519443981849,0.008945389875012812,185.5578239440918,177.6407501220703,,0.009281069515519554,0.14733241103260478,1.5217287637385448,1.5554078935355884,-0.021652924571758308,-0.06450769991081608
131,2023-07-13,188.07879638671875,188.7204094016861,187.3286186962453,188.03931969214307,41342300,0.004057388476801593,0.004049179473427979,185.9146530151367,178.05896118164063,,0.009239877381864102,0.14667850618285802,1.5279030084893552,1.5554078935355884,-0.017683390421603155,-0.06450769991081608
132,2023-07-14,188.2269287109375,188.71058991883484,187.18062275708184,187.77286373726778,41616200,0.000787607784952904,0.0007872977847031725,186.24730224609374,178.50083526611328,,0.00923632349412391,0.14662208996397008,1.5291063967934944,1.5554078935355884,-0.016909710212610698,-0.06450769991081608
133,2023-07-17,191.48428344726562,191.81002272437502,189.33243414864154,189.42126802557274,50520200,0.01730546611282424,0.017157431960334812,186.6411476135254,179.029345703125,,0.009653459600039205,0.15324392035867673,1.555568295726107,1.555568295726107,0.0,-0.06450769991081608
134,2023-07-18,191.22763061523438,191.8198865800326,189.93455398917624,190.85254922844402,48288200,-0.0013403336681776512,-0.001341232718790341,187.07595748901366,179.58544921875,,0.009507970992155135,0.15093436030835128,1.5534833151661955,1.555568295726107,-0.0013403336681776733,-0.06450769991081608
135,2023-07-19,192.57992553710938,195.6694855056854,190.1615598085878,190.60575926840173,80507300,0.007071650250145778,0.007046763390080419,187.57394104003907,180.0152200317383,,0.00955313780195889,0.1516513611858806,1.5644690058404878,1.5644690058404878,0.0,-0.06450769991081608
136,2023-07-20,190.63539123535156,193.9322456468904,190.01352397351403,192.57006595398724,59581200,-0.010097284523994166,-0.010148607877992372,188.02651824951172,180.40748046875,,0.009805074752078988,0.15565073628239579,1.5486721171595461,1.5644690058404878,-0.010097284523994134,-0.06450769991081608
137,2023-07-21,189.4607696533203,192.4516308259383,188.75993388819955,191.5928731808388,71951700,-0.0061616134046227344,-0.006180674482829549,188.27032775878905,180.81035369873047,,0.0093986277554241,0.14919859023672818,1.5391297982830905,1.5644690058404878,-0.016196682364943468,-0.06450769991081608
138,2023-07-24,190.26031494140625,192.39241858357238,189.7667732684065,190.91179356457312,45377800,0.004220109997172372,0.004211230306393564,188.56990814208984,181.19392974853517,,0.009390648329077994,0.14907192077042766,1.545625095331771,1.5644690058404878,-0.012044924148940362,-0.06450769991081608
139,2023-07-25,191.11903381347656,191.92844922240585,190.4280786239598,190.83278632842445,37283200,0.004513389312609695,0.004503234514639211,188.98201446533204,181.5909344482422,,0.009153359888132769,0.14530508354803984,1.5526011031183427,1.5644690058404878,-0.007585898268255722,-0.06450769991081608
140,2023-07-26,191.98768615722656,193.11296042478057,190.8229351880455,191.1684052777898,47471900,0.004545085470648358,0.004534787760539345,189.29985580444335,182.02386932373048,,0.008667798467016994,0.13759703494892317,1.5596578078338383,1.5644690058404878,-0.0030752913536082967,-0.06450769991081608
141,2023-07-27,190.72421264648438,194.65279947329122,190.06286872536143,193.48804855415668,47460200,-0.006581013272421443,-0.006602763618998237,189.49579238891602,182.44140594482423,,0.008786472367105525,0.13948092470941345,1.5493936791000482,1.5644690058404878,-0.009636066092815017,-0.06450769991081608
142,2023-07-28,193.30050659179688,194.09017617119656,191.63233355900982,192.15548645475204,48291400,0.013507954284167178,0.013417535210809052,189.80376358032225,182.91046844482423,,0.00921680099263285,0.1463121798604787,1.5703228180855093,1.5703228180855093,0.0,-0.06450769991081608
143,2023-07-31,193.9124755859375,193.9519673452193,192.7378442652397,193.52751377225187,38824100,0.003165894414508541,0.003160893522869964,189.9261604309082,183.3795300292969,,0.007734643693468658,0.12278366215567302,1.5752942943242616,1.5752942943242616,0.0,-0.06450769991081608
144,2023-08-01,193.0833282470703,194.1888565133771,192.75758901252786,193.7051954277144,35175100,-0.00427588444921756,-0.004285052185917547,190.08162460327148,183.78541809082031,,0.007570988818984202,0.12018572156329686,1.5685585179482193,1.5752942943242616,-0.004275884449217573,-0.06450769991081608
145,2023-08-02,190.0924835205078,192.65889079076135,189.37191700535638,192.52069974591456,50389300,-0.0154899169892877,-0.015611139197442576,190.14331741333007,184.12931762695314,,0.008290957384618311,0.13161486822200727,1.5442616767123614,1.5752942943242616,-0.01969956834333104,-0.06450769991081608
146,2023-08-03,188.70066833496094,189.8851650044284,188.22687267951244,189.095510599245,61235200,-0.007321779166490461,-0.007348714950683755,190.11172943115236,184.46433288574218,,0.00844669442244947,0.13408711705414592,1.532954933740199,1.5752942943242616,-0.0268771116207365,-0.06450769991081608
147,2023-08-04,179.6392822265625,184.95966022717982,179.57017917093492,183.12368481919472,115956800,-0.04801989409127927,-0.04921114156382543,189.68284378051757,184.6702389526367,,0.013624321198364157,0.2162793940376224,1.4593426001752907,1.5752942943242616,-0.0736063696585085,-0.0736063696585085
148,2023-08-07,176.53982543945312,180.76454006954836,175.05920073091434,179.7774569305225,97576100,-0.017253780735999147,-0.017404361786014812,189.2011459350586,184.80862823486328,,0.013909410769218863,0.22080505067278047,1.4341634229331635,1.5752942943242616,-0.08959016223164679,-0.08959016223164679
149,2023-08-08,177.47756958007812,177.94149990785485,175.2862435821482,177.3689898212007,67823000,0.00531179941008042,0.005297741563261952,188.79249420166016,184.94306884765626,,0.014019835495354923,0.22255798885647105,1.4417814113570588,1.5752942943242616,-0.08475424779245738,-0.08959016223164679
150,2023-08-09,175.8883514404297,178.59294967088076,174.72358547458126,178.53372709089916,60378500,-0.008954473195731838,-0.00899480544070262,188.2209732055664,184.99755645751952,,0.013842428918009542,0.2197417467488529,1.4288710183549576,1.5752942943242616,-0.0929497913481073,-0.0929497913481073
151,2023-08-10,175.67120361328125,178.41529378720278,175.30598763799586,177.16169386807627,54686900,-0.0012345776475253256,-0.0012353403663308965,187.60059356689453,185.0107827758789,,0.013749678227127388,0.21826937517683126,1.4271069661344997,1.5752942943242616,-0.09406961526089215,-0.09406961526089215
152,2023-08-11,175.73052978515625,176.5509171354114,174.50490320861184,175.26598799316784,52036700,0.0003377114214211385,0.0003376544097543589,186.97577362060548,185.02618377685548,,0.013742979248131873,0.2181630321820702,1.427588916456553,1.5752942943242616,-0.09376367222295334,-0.09406961526089215
153,2023-08-14,177.3811492919922,177.60848075837384,175.2560457553654,175.90840396188517,43675600,0.009392901215593774,0.009349062222055395,186.2706169128418,185.01853057861328,,0.01322143304866091,0.20988374293588385,1.440998118125306,1.5752942943242616,-0.08525148391816104,-0.09406961526089215
154,2023-08-15,175.3944549560547,177.40093867304276,174.99909450146933,176.80789799116474,43622600,-0.011200143554528141,-0.01126333745927157,185.4789581298828,184.95416564941405,,0.013311032493795744,0.21130609003250075,1.4248587323404978,1.5752942943242616,-0.09549679861456915,-0.09549679861456915
155,2023-08-16,174.52467346191406,176.47183969890867,174.45547708148473,175.07818417720551,46964900,-0.0049590022350395335,-0.004971338888517002,184.57619552612306,184.89945098876953,,0.01304273753545014,0.20704703960573134,1.4177928547022056,1.5752942943242616,-0.09998223201183994,-0.09998223201183994
156,2023-08-17,171.984375,175.45370954891732,171.47039448392803,175.088000474305,66062900,-0.01455552622746159,-0.014662497180618503,183.64364471435547,184.80123413085937,,0.01317496649598262,0.20914610927986843,1.39715613362048,1.5752942943242616,-0.113082464238973,-0.113082464238973
157,2023-08-18,172.46873474121094,173.07166917955516,169.96804315644715,170.30410101859755,61172200,0.0028163008483237384,0.0028123425032750195,182.79404296875,184.74014587402343,,0.013287587032961972,0.21093390488006394,1.4010909456248362,1.5752942943242616,-0.11058463763061602,-0.113082464238973
158,2023-08-21,173.80311584472656,174.0897650131681,171.72745069652257,173.04204616473623,46311900,0.007736944933920187,0.007707168263818279,181.971183013916,184.65145538330077,,0.01343295071247585,0.21324148175399404,1.4119311091185496,1.5752942943242616,-0.10370327994858149,-0.113082464238973
159,2023-08-22,175.17698669433594,175.62177093693052,174.2083431088137,175.00895776189057,42038900,0.007904753852840951,0.007873674959338094,181.174080657959,184.58254364013672,,0.013572414358507746,0.21545539850000248,1.4230920769933004,1.5752942943242616,-0.09661827499746634,-0.113082464238973
160,2023-08-23,179.02191162109375,179.44693836874362,176.26423745502308,176.45203891919172,52722800,0.021948801605240265,0.021711394249979383,180.52579193115236,184.5346615600586,,0.014679197274439407,0.23302503260534296,1.4543272426572156,1.5752942943242616,-0.07679012874158607,-0.113082464238973
161,2023-08-24,174.33685302734375,179.00217866700072,173.9711287799832,178.57715186115848,54945800,-0.026170308155719524,-0.026518844997731317,179.7064239501953,184.40255432128907,,0.015532345953560076,0.24656834802324218,1.4162670505576183,1.5752942943242616,-0.10095081556482098,-0.113082464238973
162,2023-08-25,176.54100036621094,177.07473842454561,173.78332608108835,175.3252527852027,51449600,0.012643037318801786,0.012563781446666042,178.86844863891602,184.30189544677734,,0.015481081872319804,0.24575455596233034,1.4341729677312076,1.5752942943242616,-0.08958410317456866,-0.113082464238973
163,2023-08-28,178.10272216796875,178.49808262553688,176.48172016068384,178.00387451255935,43820700,0.008846227213611835,0.008807328581426768,178.07796096801758,184.19180236816408,,0.015678213366770628,0.24888392142170268,1.4468599876673778,1.5752942943242616,-0.08153035729236677,-0.113082464238973
164,2023-08-29,181.98716735839844,182.75813070921157,177.4206898063463,177.61837000977968,53003900,0.021810139357478553,0.021575700900636378,177.52315292358398,184.18091705322266,,0.016715730762492977,0.26535399948161104,1.478416205629163,1.5752942943242616,-0.06149840638929976,-0.113082464238973
165,2023-08-30,185.4762725830078,185.67396786591692,182.5999932338842,182.79767343476072,60813900,0.01917225964475877,0.01899078769137072,177.29234237670897,184.23803741455077,,0.017124919038479573,0.2718496619875938,1.5067607849865043,1.5752942943242616,-0.04350521015957555,-0.113082464238973
166,2023-08-31,185.6937255859375,186.9292456956689,185.30824391498263,185.66407430986655,60794500,0.0011724033478857088,0.001171716619776457,177.14199523925782,184.32023498535156,,0.01706739948244055,0.2709365673427812,1.5085273163752855,1.5752942943242616,-0.04238381246573136,-0.113082464238973
167,2023-09-01,187.2653350830078,187.7199980774023,186.09899615427736,187.29498636168424,45766500,0.008463449651361366,0.00842783546618118,177.52329788208007,184.37385009765626,,0.013009496835528298,0.20651935985333783,1.521294661365131,1.5752942943242616,-0.03427907607720643,-0.113082464238973
168,2023-09-05,187.50253295898438,187.77928826308653,185.4367469097816,186.09898389331408,45280000,0.001266640597799018,0.0012658390853444391,178.07143325805663,184.43852661132811,,0.012187984810574261,0.19347826075087302,1.523221594944431,1.5752942943242616,-0.033055854748821854,-0.113082464238973
169,2023-09-06,180.79116821289062,186.6623614722439,179.36784680674066,186.21756222129898,81755800,-0.03579346177452358,-0.03644975604887618,178.23711318969725,184.3968118286133,,0.014946728812168728,0.23727196410553383,1.4687002210116586,1.5752942943242616,-0.06766613304996928,-0.113082464238973
170,2023-09-07,175.50315856933594,176.14563807720947,171.5297216636145,173.1507234483217,112488800,-0.02924926972830766,-0.02968555809488505,178.21785354614258,184.1942578125,,0.01628904916181062,0.2585806390551361,1.4257418120972636,1.5752942943242616,-0.09493621780122682,-0.113082464238973
171,2023-09-08,176.11598205566406,178.15213198996554,175.7305003611282,176.2840260730559,65551300,0.003491808872978286,0.0034857266628734473,178.2400924682617,183.98046783447265,,0.016304206522207598,0.25882125469199163,1.430720230007321,1.5752942943242616,-0.09177590805593386,-0.113082464238973
172,2023-09-11,177.28231811523438,178.21143169284028,175.28571330476424,177.98410020535158,58953100,0.006622545245221767,0.006600712531539067,178.31768188476562,183.7832925415039,,0.01636635667048674,0.259807857709746,1.4401952394637985,1.5752942943242616,-0.08576115291423388,-0.113082464238973
173,2023-09-12,174.25778198242188,178.04341790139725,172.79493020499618,177.4108321261293,90370200,-0.017060562863615902,-0.017207770970615203,178.1615135192871,183.43915740966796,,0.01668152834373205,0.2648110529159412,1.415624698045046,1.5752942943242616,-0.10135858223730031,-0.113082464238973
174,2023-09-13,172.19198608398438,175.24618840249718,171.96463950783718,174.46533118918654,84267900,-0.01185482722743414,-0.011925656023685305,178.0013900756836,183.08351623535157,,0.016703731919298047,0.26516352375092556,1.3988427118308333,1.5752942943242616,-0.11201182098429359,-0.113082464238973
175,2023-09-14,173.70425415039062,174.060084556446,171.56927171405846,171.98440467411754,60895800,0.008782453241863664,0.008744111823668336,177.96036911010742,182.78042877197265,,0.01680541344439859,0.2667776679210004,1.4111279825402094,1.5752942943242616,-0.10421310632276044,-0.113082464238973
176,2023-09-15,172.98269653320312,174.45544195430384,171.806494041059,174.43566940930017,109259500,-0.004153943268210281,-0.004162594857667944,178.0102851867676,182.4534341430664,,0.0164925589435885,0.2618112566868559,1.4052662369565534,1.5752942943242616,-0.10793415425950201,-0.113082464238973
177,2023-09-18,175.90843200683594,177.3021024660386,174.12927983360214,174.4356864419302,67257600,0.016913457428218814,0.01677201750477012,178.18227005004883,182.20726287841796,,0.016896663316837677,0.26822621473884156,1.4290341476306314,1.5752942943242616,-0.09284623655440202,-0.113082464238973
178,2023-09-19,176.99566650390625,177.54917706999674,175.07813698421282,175.46361863431386,51826900,0.00618068437462993,0.006161662284413583,178.3418975830078,182.02370056152344,,0.016868168816824774,0.26777387857423796,1.4378665566577047,1.5752942943242616,-0.08723940546328705,-0.113082464238973
179,2023-09-20,173.4571533203125,177.61837681135137,173.36818440563272,177.18347129792434,58436200,-0.01999208937420882,-0.02019463528296455,178.25590591430665,181.77983154296874,,0.017415751661634893,0.27646648675167507,1.4091205999488179,1.5752942943242616,-0.10548739684652104,-0.113082464238973
180,2023-09-21,171.9152069091797,174.25776334751873,171.846025624082,172.5280351536478,63149100,-0.008889494504071505,-0.00892924179119698,177.90057067871095,181.47176025390624,,0.01668771647853124,0.26490928651048923,1.396594230119999,1.5752942943242616,-0.11343916171607658,-0.11343916171607658
181,2023-09-22,172.76524353027344,175.0287248458324,172.03382526857388,172.6466384244914,56725400,0.004944510938714286,0.004932326990441293,177.8219902038574,181.16548919677734,,0.01572775746892812,0.2496704096611349,1.4034997055677725,1.5752942943242616,-0.10905555195334606,-0.11343916171607658
182,2023-09-25,174.04029846191406,174.91998813589507,172.13264765845275,172.18207147695253,46172700,0.0073802745597797426,0.007353173593518499,177.69695510864258,180.8817565917969,,0.015542140210540246,0.2467238270327193,1.4138579187394327,1.5752942943242616,-0.10248013730925033,-0.11343916171607658
183,2023-09-26,169.96803283691406,173.17049122867175,169.67150500159482,172.79490338049743,64588900,-0.023398406351797574,-0.023676495522811713,177.29022064208985,180.45143157958984,,0.016170678773663624,0.2567015673973493,1.3807758966330606,1.5752942943242616,-0.1234806717652981,-0.1234806717652981
184,2023-09-27,168.45574951171875,171.0355161486817,167.09174554279588,170.6203831944849,66921800,-0.008897457362740502,-0.008937276102823109,176.61364974975587,179.99599395751954,,0.01519861433694028,0.241270522849949,1.368490501965268,1.5752942943242616,-0.13127946511588437,-0.13127946511588437
185,2023-09-28,168.71273803710938,170.03721192481018,165.678293523344,167.3783703364052,56294400,0.001525555085745145,0.001524392608716971,175.77547302246094,179.51865020751953,,0.014282799834323385,0.22673241832400529,1.370578209610335,1.5752942943242616,-0.12995418408580073,-0.13127946511588437
186,2023-09-29,169.2267303466797,171.06518493104676,168.36679806748614,170.02734498983367,51861100,0.0030465530673637886,0.00304192172859632,174.95212326049804,179.0904769897461,,0.014328927018242664,0.2274646646679862,1.3747537488588852,1.5752942943242616,-0.12730354333658034,-0.13127946511588437
187,2023-10-02,171.7373046875,172.28093658205415,168.9499639274405,169.23661305458424,52164500,0.014835566081535356,0.014726595509151489,174.17572174072265,178.7360076904297,,0.014699186647809585,0.23334235407015202,1.3951489989459196,1.5752942943242616,-0.11435659738462847,-0.13127946511588437
188,2023-10-03,170.40293884277344,171.61870157072957,168.84125459232132,170.26456118455488,49594600,-0.007769807772135651,-0.007800149999581517,173.32074203491212,178.33886016845702,,0.014660655481907432,0.2327306907739372,1.3843089594106224,1.5752942943242616,-0.12123787637761001,-0.13127946511588437
189,2023-10-04,171.64833068847656,172.19196251916273,168.9894891655102,169.10809426237566,53020300,0.007308511544229956,0.0072819337910486484,172.8636001586914,177.94944610595704,,0.012907385054588362,0.20489838558355597,1.394426197421256,1.5752942943242616,-0.11481543325248368,-0.13127946511588437
190,2023-10-05,172.8838653564453,173.41760341955526,170.67968657288918,171.77682905786853,48527900,0.007198058163531584,0.007172275790950811,172.73263549804688,177.56736968994142,,0.011421061677922721,0.18130373344868156,1.4044633582950463,1.5752942943242616,-0.10844382325557457,-0.13127946511588437
191,2023-10-06,175.43397521972656,175.9281832590251,171.17388925206592,171.78671747657816,57266700,0.014750421376937162,0.014642691988754439,172.69853515625,177.26156494140625,,0.011905192456483544,0.18898907130130566,1.4251797846383665,1.5752942943242616,-0.09529299396738326,-0.13127946511588437
192,2023-10-09,176.91661071777344,176.9759132731787,173.76356081110382,174.76185568517045,42390800,0.008451244955202775,0.008415733123735685,172.68024978637695,176.9338870239258,,0.011966618184238297,0.18996417449974706,1.4372243281035484,1.5752942943242616,-0.08764709344671354,-0.13127946511588437
193,2023-10-10,176.3235626220703,177.63815795783916,175.8886570875863,176.03692856454262,43698000,-0.0033521334898800603,-0.0033577644767483583,172.78353881835938,176.58210876464844,,0.011314954320189566,0.179619331363665,1.432406560300842,1.5752942943242616,-0.09070542217936028,-0.13127946511588437
194,2023-10-11,177.71722412109375,177.76664794425923,175.54271164011269,176.13575227199846,47551100,0.007904000340615891,0.007872927356448196,173.05980072021484,176.2747866821289,,0.011024486728697465,0.17500830129759298,1.4437283022413603,1.5752942943242616,-0.08351835752654578,-0.13127946511588437
195,2023-10-12,178.61668395996094,180.227791982292,176.96601576479657,177.98409824545533,56743100,0.005061185505881527,0.005048420758239726,173.30542221069337,176.04527069091796,,0.01092855362406639,0.17348541047348,1.4510352789990952,1.5752942943242616,-0.07887987392125262,-0.13127946511588437
196,2023-10-13,176.7782440185547,179.82255265296823,176.0764618780152,179.31846581874476,51427100,-0.010292655202457812,-0.01034599087075303,173.49519958496094,175.80682220458985,,0.011177662513977914,0.17743989150596756,1.4361002731857553,1.5752942943242616,-0.08836064577902569,-0.13127946511588437
197,2023-10-16,176.64974975585938,177.00558020178707,174.46534325240765,174.70256857703768,52517000,-0.0007268669479589818,-0.0007271312438187099,173.53226547241212,175.7470315551758,,0.010546082600489712,0.16741387120104673,1.4350564193632216,1.5752942943242616,-0.08902328629406765,-0.13127946511588437
198,2023-10-17,175.097900390625,176.35319301979084,172.7751316803463,174.60369235668924,57549400,-0.008784894217960248,-0.00882370889023133,173.43737716674804,175.71819305419922,,0.010634689356647945,0.1688204598486957,1.4224496005223108,1.5752942943242616,-0.09702612035899935,-0.13127946511588437
199,2023-10-18,173.80311584472656,175.52296560926894,173.08157618002008,173.54613304029243,54764400,-0.007394632048756233,-0.007422107873196221,173.45467529296874,175.6447039794922,166.77875526428224,0.009755200511701999,0.15485900726120116,1.411931109118548,1.5752942943242616,-0.10370327994858247,-0.13127946511588437
200,2023-10-19,173.42750549316406,175.77992569036093,173.16062890788183,174.0007735918687,59302900,-0.0021611255341248414,-0.002163464135860746,173.53029022216796,175.59548706054687,167.03041263580323,0.009540902786813694,0.15145713634171284,1.4088797487462068,1.5752942943242616,-0.10564028967643789,-0.13127946511588437
201,2023-10-20,170.8773956298828,173.3879661145723,170.64017031492207,173.27923973046956,64244000,-0.01470418349171132,-0.014813361569259486,173.43589782714844,175.4996109008789,167.26297134399414,0.01005491900999745,0.15961689092009418,1.3881633224028864,1.5752942943242616,-0.11879111896462934,-0.13127946511588437
202,2023-10-23,170.99600219726562,171.99429712738208,167.96155723103598,168.93021596381925,55980100,0.000694103318613859,0.0006938625403156386,173.283683013916,175.40492034912108,167.50271732330322,0.009888868114801245,0.15698091467808134,1.3891268511717443,1.5752942943242616,-0.1181794689559107,-0.13127946511588437
203,2023-10-24,171.43089294433594,171.65822442721412,169.4639394511676,171.045411263789,43816600,0.0025432802023559464,0.002540051538368254,173.3568260192871,175.28591522216797,167.72200065612793,0.008356149699650558,0.1326497641398147,1.3926597899908904,1.5752942943242616,-0.1159367522572753,-0.13127946511588437
204,2023-10-25,169.11801147460938,171.0552987076063,168.67321213575732,169.88897487497013,57157000,-0.013491625867442458,-0.013583464825077897,173.38993911743165,175.16038635253906,167.92711143493653,0.008683699210798028,0.1378494514311566,1.3738705451437023,1.5752942943242616,-0.1278642028389762,-0.13127946511588437
205,2023-10-26,164.95677185058594,169.39476582537458,163.75090293239452,168.3964558542296,70625300,-0.02460553780014252,-0.024913313188102925,173.20214080810547,174.9690283203125,168.10856185913087,0.010295159201216004,0.16343058572541555,1.3400657215126666,1.5752942943242616,-0.1493235731628792,-0.1493235731628792
206,2023-10-27,166.27134704589844,167.00278034322866,164.8974493569631,164.9765244498122,58499100,0.007969210239536118,0.007937623785371129,173.05437164306642,174.85476776123048,168.2830029296875,0.010456451068897539,0.16599101474771044,1.3507449869821966,1.5752942943242616,-0.14254435387159686,-0.1493235731628792
207,2023-10-30,168.31736755371094,169.18717852998205,166.91381853056686,167.06208999172168,51131000,0.012305310230317001,0.012230215316917575,172.88337478637695,174.77174041748046,168.46806770324707,0.01027061326935821,0.1630409311370512,1.367366323089058,1.5752942943242616,-0.13199309613724994,-0.1493235731628792
208,2023-10-31,168.7918243408203,168.92030818010912,165.9550598323106,167.38827526603964,44846000,0.002818822525595621,0.0028148570955281132,172.8028190612793,174.67151458740236,168.6488614654541,0.010173279358857774,0.16149580320914575,1.3712206860813223,1.5752942943242616,-0.12954633872426913,-0.1493235731628792
209,2023-11-01,171.95474243164062,172.2117251766134,168.14933458405196,169.01914553939386,56934900,0.018738573998902996,0.01856516980344062,172.8181396484375,174.60706970214844,168.83966270446777,0.010923973063183282,0.17341269632370865,1.3969154063762836,1.5752942943242616,-0.11323527837983784,-0.1493235731628792
210,2023-11-02,175.5130615234375,175.7206204672586,173.42750286114074,173.4868054165182,77334800,0.020693346641552868,0.02048214797906256,172.9495994567871,174.53689270019532,169.0518480682373,0.01176678107538343,0.18679185874323437,1.4258222611093538,1.5752942943242616,-0.09488514860585165,-0.1493235731628792
211,2023-11-03,174.6037139892578,174.77175801380423,171.34195262679097,172.2216424329047,79829200,-0.005181081831099221,-0.005194550176109099,172.90808639526367,174.5422299194336,169.25919151306152,0.011362010302065843,0.18036632191812055,1.4184349592979433,1.5752942943242616,-0.09957462271746799,-0.1493235731628792
212,2023-11-06,177.15380859375,177.35148879200258,174.16880291146146,174.33683183407777,63841300,0.014605042162213477,0.01449941574407048,172.9199462890625,174.5544860839844,169.46649055480958,0.011686618535685362,0.18551931787620776,1.4391512616828472,1.5752942943242616,-0.08642387211832966,-0.1493235731628792
213,2023-11-07,179.7138214111328,180.32663456302825,176.89682951103612,177.1043884447924,70530000,0.014450791872352209,0.014347374299403378,173.08945922851564,174.58670806884766,169.67064537048338,0.012078708374019396,0.19174355109917202,1.4599481370382592,1.5752942943242616,-0.0732219736347622,-0.1493235731628792
214,2023-11-08,180.77146911621094,181.32497986970384,179.48652482015274,180.2377309130676,49340300,0.005885177315652967,0.005867927306122746,173.24217147827147,174.5623941040039,169.87310035705568,0.012026492075336861,0.19091464305498246,1.4685401906963866,1.5752942943242616,-0.06776772061735183,-0.1493235731628792
215,2023-11-09,180.29701232910156,181.9871956757889,179.70395654448856,180.84064428465763,53763500,-0.0026246220680120613,-0.0026280724270933793,173.32618789672853,174.45880889892578,170.07648025512697,0.0120100224845135,0.1906531964059008,1.4646858277041224,1.5752942943242616,-0.07021447803033265,-0.1493235731628792
216,2023-11-10,184.48350524902344,184.6517706680945,181.64301825007877,182.07849676599454,66133400,0.023219979443032335,0.022954497521717226,173.71145095825196,174.4346044921875,170.2904582977295,0.012735498263445916,0.2021697673654371,1.498695802513913,1.5752942943242616,-0.048624877323767815,-0.1493235731628792
217,2023-11-13,182.89993286132812,184.1172820619318,182.31600272709323,183.9094496896321,43627500,-0.00858381558588528,-0.008620868721452887,174.0239601135254,174.3472964477539,170.4868241119385,0.012950307133670302,0.20557975246558394,1.4858312741257933,1.5752942943242616,-0.05679130592981953,-0.1493235731628792
218,2023-11-14,185.51280212402344,186.17591157835597,184.38452385663774,185.77012344749633,60108400,0.014285785794554418,0.014184705493627317,174.54470520019532,174.30750183105468,170.71067291259766,0.012983463254217915,0.2061060895620359,1.5070575414348042,1.5752942943242616,-0.043316828566771555,-0.1493235731628792
219,2023-11-15,186.07693481445312,187.55162053928348,185.84930383072194,185.91859136162876,53790500,0.0030409367114865304,0.003036322415599366,175.15839614868165,174.41321716308593,170.93099426269532,0.012752512421756557,0.20243985875537934,1.511640408038876,1.5752942943242616,-0.0404076155894989,-0.1493235731628792
220,2023-11-16,187.75946044921875,188.99660829200764,186.7103463929358,187.62090049490251,54412900,0.009042096681372014,0.009001461691823346,175.87499389648437,174.6583432006836,171.15411819458006,0.012737035994261127,0.20219417808535955,1.525308806755832,1.5752942943242616,-0.03173088847495087,-0.1493235731628792
221,2023-11-17,187.73968505859375,188.42259316852056,186.63120528706287,188.29392494435922,50922700,-0.00010532300517740456,-0.00010532855203459222,176.7181083679199,174.89081726074218,171.35061843872072,0.012002526699737934,0.19053420451151637,1.525148156648481,1.5752942943242616,-0.03183286948759709,-0.1493235731628792
222,2023-11-20,189.48158264160156,189.93685974559065,187.92773262314063,187.93762437034974,46505100,0.009278259854671456,0.009235481205734954,177.64238739013672,175.13480255126953,171.53771865844726,0.01200202059862041,0.19052617040534506,1.5392988775627388,1.5752942943242616,-0.02284996326795143,-0.1493235731628792
223,2023-11-21,188.67990112304688,189.55085808280586,187.78916067013205,189.44198846283598,38134500,-0.004230920532635851,-0.004239896202756943,178.50483779907228,175.42324493408202,171.734441986084,0.012175695984902316,0.19328318169107506,1.5327862263357952,1.5752942943242616,-0.02698420742182696,-0.1493235731628792
224,2023-11-22,189.34303283691406,190.9463718813115,188.8679722130009,189.52119000957208,39617700,0.0035145858669638486,0.0035084241431069287,179.5160888671875,175.76626586914062,171.9201114654541,0.011394235390637103,0.18087787934014005,1.538173335143952,1.5752942943242616,-0.02356445986889902,-0.1493235731628792
225,2023-11-24,188.0167999267578,188.93723076179566,187.30420149232032,188.90754041885276,24048300,-0.0070043924526052015,-0.007029038363268643,180.6690902709961,176.05251678466797,172.11258422851563,0.009440450605901252,0.14986250740562249,1.527399365444471,1.5752942943242616,-0.03040379759664878,-0.1493235731628792
226,2023-11-27,187.838623046875,188.7095799535061,186.95777439426936,187.9672912540552,40552600,-0.0009476646765194108,-0.0009481139945799708,181.74745407104493,176.3496353149414,172.3093332672119,0.009582171016077824,0.15211224917179814,1.5259519030189013,1.5752942943242616,-0.031322649668153756,-0.1493235731628792
227,2023-11-28,188.4423370361328,189.11535325725313,187.45261884770375,187.82871659191514,38415400,0.0032140034858920696,0.003208849616771316,182.75370254516602,176.60031341552735,172.50727729797364,0.00949050577969166,0.15065710865571172,1.5308563177545076,1.5752942943242616,-0.028209317287482546,-0.1493235731628792
228,2023-11-29,187.42295837402344,190.11499348364924,187.02707707633283,188.93722623545,43014200,-0.005409499150469066,-0.005424183471488062,183.68525924682618,176.8088592529297,172.68612716674804,0.009795673026363087,0.1555014885135611,1.5225751518041244,1.5752942943242616,-0.03346621816004965,-0.1493235731628792
229,2023-11-30,187.99697875976562,188.36318478193425,186.2550800746654,187.888109148078,48794400,0.0030627004862266993,0.003058019973330156,184.48737106323242,177.09965576171874,172.87105072021484,0.009276700989498936,0.14726306283192597,1.5272383434618715,1.5752942943242616,-0.030506014676453967,-0.1493235731628792
230,2023-12-01,189.27374267578125,189.5904446947665,187.28439912721964,188.37309535289532,45704800,0.006791406566416969,0.006768448849685843,185.1754051208496,177.4468264770508,173.05186027526855,0.00848756007102164,0.13473583911386985,1.537610439976142,1.5752942943242616,-0.023921786858425945,-0.1493235731628792
231,2023-12-04,187.48231506347656,188.09595062883508,185.52267721747734,188.0266631045601,43389500,-0.009464744485838894,-0.0095098198230976,185.81933517456054,177.74116790771484,173.23169692993164,0.008775686978019125,0.13930971196551933,1.5230573500430096,1.5752942943242616,-0.03316011774400516,-0.1493235731628792
232,2023-12-05,191.43130493164062,192.40122460244103,188.22461231756913,188.25431775925796,66628400,0.021063265976991152,0.020844501980709612,186.53320999145507,178.08898803710937,173.43699577331543,0.009304773682880985,0.14770870302385,1.5551379121051767,1.5752942943242616,-0.012795312146884385,-0.1493235731628792
233,2023-12-06,190.34263610839844,192.75753614335477,190.1347886146608,192.45072587794942,41089700,-0.005686994734904749,-0.005703227261579606,187.06465072631835,178.49648010253907,173.65691047668457,0.009194605945744368,0.14595984441405266,1.546293850986984,1.5752942943242616,-0.018409540008978275,-0.1493235731628792
234,2023-12-07,192.27256774902344,192.99505783958267,191.5995514892092,191.63914867608756,47477700,0.010139250354428864,0.010088192987795666,187.63970565795898,178.97281646728516,173.88435569763183,0.009315297729408064,0.14787576708323033,1.5619721114636549,1.5752942943242616,-0.008456948589610297,-0.1493235731628792
235,2023-12-08,193.6977996826172,193.97491963358075,191.67876563770596,192.203315195023,53406400,0.007412559941749608,0.007385221932603064,188.30974502563475,179.4725177001953,174.11651206970214,0.009259174068034401,0.14698483157926368,1.5735503233672203,1.5752942943242616,-0.0011070762862055291,-0.1493235731628792
236,2023-12-11,191.19378662109375,191.50061200003438,189.45188773429211,191.12451418849048,60943700,-0.012927421300739539,-0.01301170760248864,188.64525909423827,179.9118588256836,174.34940620422364,0.008748162935141548,0.13887278133034445,1.5532083753991373,1.5752942943242616,-0.01402018594538129,-0.1493235731628792
237,2023-12-12,192.70806884765625,192.71796059458774,189.7488055095461,191.09482308550778,52696900,0.00792014350112491,0.007888943793753682,189.1356658935547,180.33127410888673,174.58390830993653,0.008489285260405184,0.13476322564630994,1.5655100086194476,1.5752942943242616,-0.006211084328856223,-0.1493235731628792
238,2023-12-13,195.92465209960938,195.96423418895137,192.8466274130704,193.08415015292962,70404200,0.01669148194565717,0.01655371012446688,189.656258392334,180.84170837402343,174.8370068359375,0.00867778935691454,0.13775563540919397,1.5916406906640648,1.5916406906640648,0.0,-0.1493235731628792
239,2023-12-14,196.07308959960938,197.56755876987646,194.14314196862804,195.9840185786185,66831600,0.0007576254361525425,0.0007573385828775379,190.15606613159179,181.3302035522461,175.10119758605958,0.008689045347905293,0.13793431872672066,1.5928465581365272,1.5928465581365272,0.0,-0.1493235731628792
240,2023-12-15,195.5386505126953,196.36010340669733,194.97450383643803,195.4990533238864,128538400,-0.0027257135999917415,-0.0027294351213789344,190.54502563476564,181.7832992553711,175.35975883483886,0.008632057572495298,0.13702966583768678,1.5885049146103145,1.5928465581365272,-0.002725713599991693,-0.1493235731628792
241,2023-12-18,193.8759307861328,194.6083278162061,192.39135323196817,194.07387143964067,55751900,-0.008503279132810349,-0.008539638272142972,190.8518379211426,182.1521383666992,175.58477226257324,0.00894198748230675,0.14194965062901746,1.574997413917542,1.5928465581365272,-0.011205815229225176,-0.1493235731628792
242,2023-12-19,194.91513061523438,194.92502236186388,193.87592334681435,194.1431515248431,40714100,0.005360128123629293,0.005345813765291907,191.1235153198242,182.51210876464845,175.80118141174316,0.008807918361710234,0.1398213693194684,1.5834396018505248,1.5928465581365272,-0.005905751710954267,-0.1493235731628792
243,2023-12-20,192.8268280029297,195.6475162401682,192.8268280029297,194.87553713507947,52242800,-0.010713907153914182,-0.010771714321680968,191.33086166381835,182.84217407226564,176.01813987731933,0.009141037050370747,0.1451094645630504,1.5664747769724674,1.5928465581365272,-0.016556385189363237,-0.1493235731628792
244,2023-12-21,192.67831420898438,195.0536467316969,191.5104540892898,194.08372721342002,46482500,-0.0007701925892960038,-0.0007704893399882132,191.49762573242188,183.14139587402343,176.2280965423584,0.009132345437378769,0.14497148948423766,1.5652682897079242,1.5928465581365272,-0.017313826173480797,-0.1493235731628792
245,2023-12-22,191.60948181152344,193.4008696387368,190.98595440796598,193.17322354105164,37149600,-0.005547237642434699,-0.0055626807025273865,191.67725982666016,183.40125183105468,176.4439463043213,0.00907146629445423,0.14400506305098315,1.556585374530747,1.5928465581365272,-0.022765019907631422,-0.1493235731628792
246,2023-12-26,191.0651092529297,191.89646895007564,190.8473700319769,191.61934905102697,28919300,-0.0028410522978671304,-0.0028450957471966645,191.83858413696288,183.68698913574218,176.6673748779297,0.00910253222180928,0.1444982193591575,1.55216303407561,1.5928465581365272,-0.025541395593378955,-0.1493235731628792
247,2023-12-27,191.16409301757812,191.5105004803971,189.12527563548673,190.5108903848591,48087700,0.0005180630049905766,0.0005179288566815244,191.97467193603515,183.97727600097656,176.88158897399902,0.00908627008347727,0.14424006591628175,1.5529671523212785,1.5928465581365272,-0.025036564640541204,-0.1493235731628792
248,2023-12-28,191.58966064453125,192.65855816674446,191.18387253758047,192.14390044821914,34049900,0.002226190181615184,0.0022237158917322837,192.18300704956056,184.30711120605469,177.08748237609862,0.008973275062564425,0.14244632556793815,1.556424352548147,1.5928465581365272,-0.022866110613310203,-0.1493235731628792
249,2023-12-29,190.5504608154297,192.40122918172025,189.758683164504,191.9063700376295,42672100,-0.005424091392017494,-0.005438855186714411,192.31068115234376,184.64205810546875,177.2862084197998,0.009077534037881375,0.14410138549174858,1.5479821646151641,1.5928465581365272,-0.028166174131581116,-0.1493235731628792
